Open time,Open,High,Low,Close,Volume
1499990400000.0,0.019,0.019895,0.016806,0.018711,5283.28
1500076800000.0,0.018929,0.0209,0.017443,0.019504,21121.59
1500163200000.0,0.019518,0.021594,0.019359,0.021418,11790.03
1500249600000.0,0.021392,0.021543,0.019077,0.019133,8425.31
1500336000000.0,0.019094,0.019531,0.018557,0.01901,8218.13
1500422400000.0,0.019061,0.019328,0.017702,0.017929,8221.73
1500508800000.0,0.017891,0.018251,0.01506,0.015674,9511.09
1500595200000.0,0.015642,0.017628,0.015551,0.017004,9278.52
1500681600000.0,0.016992,0.017069,0.015864,0.016506,11920.7
1500768000000.0,0.01654,0.016688,0.016083,0.016355,9985.53
1500854400000.0,0.016363,0.016493,0.015982,0.016147,10636.08
1500940800000.0,0.01619,0.016735,0.015808,0.016486,10238.66
1501027200000.0,0.016485,0.016959,0.016332,0.016643,12192.96
1501113600000.0,0.016646,0.01671,0.015666,0.015784,16535.12
1501200000000.0,0.015822,0.015927,0.013592,0.014319,24586.77
1501286400000.0,0.014321,0.015319,0.01419,0.015069,25069.55
1501372800000.0,0.015069,0.015508,0.014374,0.014483,23339.35
1501459200000.0,0.014483,0.015828,0.013014,0.014782,26190.59
1501545600000.0,0.014782,0.0162,0.014693,0.015801,33527.69
1501632000000.0,0.015786,0.015859,0.015265,0.015319,46221.39
1501718400000.0,0.015319,0.015636,0.014927,0.015126,25303.79
1501804800000.0,0.015113,0.015285,0.014879,0.014987,25640.07
1501891200000.0,0.014986,0.015602,0.014005,0.014336,26888.56
1501977600000.0,0.01437,0.014586,0.013738,0.014164,25709.95
1502064000000.0,0.014164,0.014393,0.01348,0.013586,28553.02
1502150400000.0,0.013574,0.014421,0.01325,0.014168,24378.1
1502236800000.0,0.014183,0.014994,0.013718,0.013907,29372.13
1502323200000.0,0.013928,0.014351,0.013624,0.01367,28192.66
1502409600000.0,0.013658,0.013971,0.012882,0.013015,59622.06
1502496000000.0,0.013015,0.013516,0.011993,0.012003,111515.19
1502582400000.0,0.012003,0.012085,0.010729,0.010962,47964.94
1502668800000.0,0.010961,0.01186,0.010425,0.010508,38245.6
1502755200000.0,0.010508,0.011332,0.00983,0.010339,44285.91
1502841600000.0,0.010344,0.010669,0.010003,0.010046,41845.22
1502928000000.0,0.010013,0.010259,0.009737,0.010076,31348.92
1503014400000.0,0.010083,0.011518,0.01001,0.011286,48633.76
1503100800000.0,0.011324,0.011324,0.010675,0.010826,35423.83
1503187200000.0,0.010852,0.011543,0.010632,0.011219,39417.1
1503273600000.0,0.011218,0.012194,0.010988,0.011846,45099.29
1503360000000.0,0.01187,0.012409,0.01109,0.01136,39282.83
1503446400000.0,0.011342,0.015822,0.011053,0.012724,66644.84
1503532800000.0,0.012724,0.012982,0.011538,0.011558,62578.89
1503619200000.0,0.011558,0.011856,0.011363,0.011751,37290.39
1503705600000.0,0.011751,0.012117,0.011522,0.01187,32149.12
1503792000000.0,0.011869,0.014804,0.011711,0.014,78078.37
1503878400000.0,0.013997,0.015094,0.01381,0.014249,50847.05
1503964800000.0,0.014247,0.014446,0.013176,0.013774,40334.72
1504051200000.0,0.013789,0.014196,0.0132,0.014139,42093.37
1504137600000.0,0.014128,0.015646,0.01385,0.015362,50828.65
1504224000000.0,0.015354,0.0185,0.014916,0.017796,79313.06
1504310400000.0,0.017796,0.018993,0.016106,0.017216,61523.4
1504396800000.0,0.017217,0.017678,0.016755,0.016935,49341.56
1504483200000.0,0.016943,0.017215,0.014963,0.015711,61102.38
1504569600000.0,0.015711,0.0168,0.015158,0.016695,47517.2
1504656000000.0,0.016695,0.017735,0.016694,0.017306,28821.51
1504742400000.0,0.017306,0.018,0.016906,0.017275,34878.29
1504828800000.0,0.017275,0.0176,0.015784,0.016809,58347.79
1504915200000.0,0.016809,0.016825,0.016122,0.016355,37996.69
1505001600000.0,0.016355,0.016414,0.015436,0.015744,43525.21
1505088000000.0,0.015734,0.016418,0.015634,0.01617,58763.64
1505174400000.0,0.01617,0.016423,0.015889,0.015969,33924.58
1505260800000.0,0.015952,0.016089,0.015291,0.01595,36992.48
1505347200000.0,0.015955,0.016,0.01367,0.013753,71454.83
1505433600000.0,0.013738,0.015002,0.011273,0.014036,77242.57
1505520000000.0,0.014002,0.014583,0.013844,0.014077,38050.09
1505606400000.0,0.014119,0.014197,0.013642,0.013827,32051.33
1505692800000.0,0.013827,0.014044,0.01351,0.013703,44688.86
1505779200000.0,0.013738,0.013941,0.013347,0.013536,35370.6
1505865600000.0,0.013527,0.013597,0.01313,0.013238,24166.22
1505952000000.0,0.013242,0.013526,0.012645,0.012846,34278.71
1506038400000.0,0.012819,0.013363,0.012569,0.0131,43594.76
1506124800000.0,0.0131,0.01322,0.012812,0.013034,40384.66
1506211200000.0,0.013105,0.013155,0.01285,0.012951,35874.44
1506297600000.0,0.012951,0.0135,0.0128,0.013261,30506.99
1506384000000.0,0.0133,0.013691,0.013207,0.013377,31579.3
1506470400000.0,0.013365,0.01357,0.013146,0.013476,39695.32
1506556800000.0,0.01347,0.01351,0.012941,0.013073,38021.3
1506643200000.0,0.013071,0.01322,0.01246,0.012671,33854.31
1506729600000.0,0.012657,0.012901,0.012572,0.012712,32252.52
1506816000000.0,0.012716,0.012741,0.012233,0.012401,36275.14
1506902400000.0,0.012425,0.012425,0.012001,0.01209,38964.33
1506988800000.0,0.012086,0.0122,0.0119,0.012042,37853.67
1507075200000.0,0.01207,0.012347,0.01187,0.012062,35891.83
1507161600000.0,0.012067,0.0122,0.01179,0.011917,37817.1
1507248000000.0,0.011917,0.011999,0.011809,0.011845,35290.99
1507334400000.0,0.011853,0.01197,0.011763,0.011836,34974.68
1507420800000.0,0.011838,0.012053,0.011482,0.011565,36296.79
1507507200000.0,0.01156,0.011604,0.00983,0.010439,36616.38
1507593600000.0,0.010458,0.010731,0.010264,0.010596,35771.67
1507680000000.0,0.01062,0.010732,0.010359,0.010487,35248.74
1507766400000.0,0.010496,0.011118,0.009842,0.010995,61419.65
1507852800000.0,0.010997,0.011098,0.009802,0.010517,105174.87
1507939200000.0,0.010522,0.011638,0.010329,0.01097,98489.31
1508025600000.0,0.010946,0.012154,0.010946,0.011499,96772.03
1508112000000.0,0.011522,0.011604,0.0111,0.011218,91963.35
1508198400000.0,0.011231,0.011262,0.010498,0.010575,72690.04
1508284800000.0,0.010508,0.011098,0.010345,0.010775,65665.81
1508371200000.0,0.010863,0.010911,0.009318,0.010404,65744.59
1508457600000.0,0.010405,0.010565,0.009956,0.009961,65204.86
1508544000000.0,0.009997,0.010025,0.00917,0.009621,55552.8
1508630400000.0,0.009625,0.009996,0.009104,0.00942,55857.86
1508716800000.0,0.009429,0.0095,0.008887,0.009194,73860.58
1508803200000.0,0.009194,0.01044,0.008964,0.010079,71794.46
1508889600000.0,0.01007,0.010168,0.009624,0.009791,60836.51
1508976000000.0,0.009796,0.00983,0.009337,0.009367,60840.74
1509062400000.0,0.009401,0.009736,0.009232,0.009531,63398.39
1509148800000.0,0.009523,0.009749,0.009374,0.009441,56992.56
1509235200000.0,0.009409,0.009842,0.009149,0.009218,61413.26
1509321600000.0,0.009245,0.009575,0.0091,0.009183,52039.79
1509408000000.0,0.009186,0.009235,0.0085,0.008593,54392.01
1509494400000.0,0.008598,0.008687,0.007767,0.007864,57441.0
1509580800000.0,0.007864,0.007965,0.006801,0.007676,62270.48
1509667200000.0,0.007678,0.007984,0.007246,0.007834,56653.4
1509753600000.0,0.007834,0.007997,0.00735,0.007442,58335.85
1509840000000.0,0.007433,0.007513,0.007117,0.007414,51562.04
1509926400000.0,0.007408,0.007997,0.007308,0.007807,55445.82
1510012800000.0,0.007808,0.00918,0.007629,0.0085,95816.42
1510099200000.0,0.0085,0.008911,0.007689,0.00837,85977.31
1510185600000.0,0.00836,0.00939,0.007984,0.00902,71457.04
1510272000000.0,0.009003,0.009351,0.008635,0.00891,72204.04
1510358400000.0,0.00893,0.010394,0.008746,0.009781,83587.93
1510444800000.0,0.00978,0.010463,0.00841,0.009905,88903.21
1510531200000.0,0.009935,0.0103,0.009033,0.009323,69967.11
1510617600000.0,0.009365,0.009692,0.00909,0.00943,68919.27
1510704000000.0,0.009425,0.009566,0.008585,0.008666,71960.17
1510790400000.0,0.008665,0.0097,0.008046,0.0091,103576.87
1510876800000.0,0.009107,0.00915,0.008399,0.008714,104205.4
1510963200000.0,0.008681,0.00899,0.008601,0.008982,71332.75
1511049600000.0,0.008965,0.009341,0.00861,0.00891,77304.49
1511136000000.0,0.00891,0.009149,0.008667,0.008789,77726.71
1511222400000.0,0.008788,0.008889,0.008524,0.008626,75707.8
1511308800000.0,0.008626,0.00873,0.008525,0.008704,81927.39
1511395200000.0,0.008695,0.009414,0.008535,0.009026,100203.27
1511481600000.0,0.009033,0.009499,0.0085,0.00945,103715.06
1511568000000.0,0.009464,0.01025,0.00919,0.010069,125703.01
1511654400000.0,0.01008,0.010129,0.0089,0.009193,102765.31
1511740800000.0,0.009189,0.009628,0.008901,0.009304,96073.38
1511827200000.0,0.009296,0.009665,0.009075,0.009499,92906.95
1511913600000.0,0.00949,0.01,0.008311,0.008563,113899.22
1512000000000.0,0.008571,0.008872,0.008327,0.008681,82433.52
1512086400000.0,0.008676,0.0093,0.008393,0.009004,165036.17
1512172800000.0,0.008986,0.009399,0.008901,0.009073,188185.76
1512259200000.0,0.009056,0.00915,0.008754,0.008931,170139.7
1512345600000.0,0.008931,0.008976,0.008499,0.008915,151782.38
1512432000000.0,0.008914,0.008925,0.0001,0.0085,201594.64
1512518400000.0,0.008525,0.008642,0.0068,0.007091,229982.52
1512604800000.0,0.007084,0.007211,0.0035,0.00559,218329.93
1512691200000.0,0.00559,0.00914,0.005217,0.007582,350884.66
1512777600000.0,0.007572,0.010999,0.007395,0.010153,549758.41
1512864000000.0,0.010153,0.010299,0.009038,0.00965,242091.68
1512950400000.0,0.009689,0.0134,0.0078,0.012566,527786.96
1513036800000.0,0.01257,0.021,0.012201,0.018125,988365.94
1513123200000.0,0.018125,0.02,0.016001,0.018105,446184.7
1513209600000.0,0.018111,0.0188,0.0157,0.016621,380673.96
1513296000000.0,0.016621,0.018,0.0135,0.016791,352640.13
1513382400000.0,0.016805,0.01739,0.014774,0.015351,201883.07
1513468800000.0,0.015352,0.01739,0.015352,0.016564,335219.36
1513555200000.0,0.016564,0.01945,0.016315,0.018627,324274.86
1513641600000.0,0.018627,0.020099,0.018096,0.0196,316907.53
1513728000000.0,0.019589,0.01966,0.018163,0.0184,286904.04
1513814400000.0,0.0184,0.0197,0.018344,0.019579,238433.74
1513900800000.0,0.019577,0.019748,0.01604,0.018817,258462.2
1513987200000.0,0.018817,0.0195,0.018313,0.01916,150900.76
1514073600000.0,0.01916,0.0197,0.01882,0.019432,316004.11
1514160000000.0,0.019432,0.0199,0.019001,0.01904,341285.4
1514246400000.0,0.01904,0.019187,0.017067,0.017722,353912.22
1514332800000.0,0.017721,0.01776,0.017,0.017033,276779.14
1514419200000.0,0.017033,0.0175,0.016128,0.017239,213690.61
1514505600000.0,0.01724,0.0173,0.0165,0.016593,267352.72
1514592000000.0,0.016561,0.016903,0.016157,0.016724,287311.16
1514678400000.0,0.01671,0.017,0.01625,0.01632,243990.04
1514764800000.0,0.016318,0.017,0.016023,0.016622,235759.68
1514851200000.0,0.016622,0.018638,0.016,0.01687,345103.15
1514937600000.0,0.016848,0.01725,0.01595,0.015985,356429.82
1515024000000.0,0.015971,0.016271,0.015064,0.0155,505103.68
1515110400000.0,0.015493,0.016297,0.013,0.014208,454557.71
1515196800000.0,0.014208,0.019015,0.01412,0.016111,667963.86
1515283200000.0,0.016111,0.017196,0.01601,0.016657,336906.07
1515369600000.0,0.016635,0.017293,0.0165,0.016921,325671.99
1515456000000.0,0.016888,0.0172,0.0165,0.01701,324479.98
1515542400000.0,0.017038,0.0176,0.016602,0.016605,303983.56
1515628800000.0,0.016647,0.01731,0.0165,0.01694,303886.21
1515715200000.0,0.01695,0.017185,0.016796,0.016977,172015.33
1515801600000.0,0.016977,0.0185,0.016706,0.018168,215121.01
1515888000000.0,0.01816,0.01898,0.0173,0.017308,192213.29
1515974400000.0,0.017321,0.017583,0.016817,0.017034,138708.67
1516060800000.0,0.017034,0.01735,0.01481,0.01643,250422.11
1516147200000.0,0.0164,0.017038,0.015011,0.016701,258417.25
1516233600000.0,0.016701,0.0173,0.016251,0.01702,199062.51
1516320000000.0,0.017019,0.017171,0.016514,0.016716,121412.77
1516406400000.0,0.016711,0.016791,0.016037,0.016484,121380.34
1516492800000.0,0.016483,0.0167,0.0161,0.016523,91922.4
1516579200000.0,0.016526,0.0168,0.0163,0.016555,110166.34
1516665600000.0,0.016555,0.016659,0.0162,0.01638,102942.94
1516752000000.0,0.01638,0.0165,0.01587,0.015908,101364.93
1516838400000.0,0.01592,0.016259,0.01573,0.01603,94670.67
1516924800000.0,0.01603,0.0162,0.015683,0.01584,96141.16
1517011200000.0,0.01584,0.0161,0.015691,0.015857,73448.46
1517097600000.0,0.015857,0.0166,0.0156,0.01657,94997.84
1517184000000.0,0.016574,0.01659,0.016,0.016126,73594.88
1517270400000.0,0.016126,0.017,0.016,0.016433,123821.3
1517356800000.0,0.016433,0.016486,0.0159,0.01605,81095.1
1517443200000.0,0.01604,0.0163,0.015004,0.015603,128799.23
1517529600000.0,0.01559,0.015867,0.013247,0.01484,180641.41
1517616000000.0,0.014833,0.017601,0.014,0.01747,171436.38
1517702400000.0,0.01746,0.018835,0.01695,0.018,282366.1
1517788800000.0,0.018,0.01852,0.017451,0.01814,205382.72
1517875200000.0,0.018096,0.018706,0.017269,0.018419,215798.78
1517961600000.0,0.018419,0.018805,0.01795,0.018161,129892.6
1518048000000.0,0.018165,0.018323,0.018113,0.018219,2022.58
1518134400000.0,0.018219,0.018888,0.01774,0.018835,67887.49
1518220800000.0,0.01886,0.018994,0.018,0.01813,112462.05
1518307200000.0,0.01812,0.0188,0.017904,0.018366,75288.5
1518393600000.0,0.018366,0.018677,0.01804,0.01816,68270.47
1518480000000.0,0.01816,0.018699,0.018101,0.018664,69527.9
1518566400000.0,0.018664,0.023698,0.0186,0.022481,849831.11
1518652800000.0,0.022451,0.025,0.020952,0.022061,625562.11
1518739200000.0,0.022054,0.023437,0.020952,0.022462,287673.2
1518825600000.0,0.022454,0.022587,0.0206,0.020628,166885.41
1518912000000.0,0.020658,0.0217,0.020012,0.020541,202824.19
1518998400000.0,0.020541,0.020881,0.01977,0.019848,114314.72
1519084800000.0,0.019847,0.022114,0.01927,0.020367,403558.22
1519171200000.0,0.020372,0.0207,0.019523,0.020075,193398.82
1519257600000.0,0.020074,0.0206,0.019231,0.019612,143485.87
1519344000000.0,0.019612,0.0208,0.018845,0.020403,157595.59
1519430400000.0,0.020402,0.02145,0.020095,0.02133,133628.14
1519516800000.0,0.02133,0.023413,0.020927,0.02278,176131.69
1519603200000.0,0.02276,0.023917,0.021,0.021162,241642.92
1519689600000.0,0.021165,0.021496,0.020011,0.0203,126961.79
1519776000000.0,0.020288,0.0208,0.0195,0.019539,98471.1
1519862400000.0,0.019539,0.01998,0.0191,0.019123,91204.0
1519948800000.0,0.01915,0.0195,0.018592,0.01928,78573.9
1520035200000.0,0.019236,0.019722,0.018284,0.018284,83880.83
1520121600000.0,0.018338,0.018947,0.01827,0.018553,55388.41
1520208000000.0,0.018523,0.018932,0.018,0.018353,74449.52
1520294400000.0,0.018331,0.0186,0.018114,0.018281,75105.95
1520380800000.0,0.018303,0.01875,0.017671,0.018715,111404.4
1520467200000.0,0.018715,0.019273,0.018401,0.018899,92001.99
1520553600000.0,0.018896,0.0209,0.018487,0.020137,161881.45
1520640000000.0,0.020149,0.020689,0.01975,0.02013,88202.84
1520726400000.0,0.02014,0.02072,0.019513,0.019709,73189.77
1520812800000.0,0.019711,0.019926,0.019251,0.019463,61395.31
1520899200000.0,0.019463,0.019618,0.019041,0.019132,142742.33
1520985600000.0,0.019114,0.019946,0.018881,0.019559,196923.55
1521072000000.0,0.019559,0.0204,0.01935,0.0199,224733.46
1521158400000.0,0.019881,0.0202,0.015,0.019882,187236.98
1521244800000.0,0.019896,0.020035,0.019304,0.019352,164663.68
1521331200000.0,0.019366,0.01975,0.0186,0.018765,191516.13
1521417600000.0,0.018765,0.019,0.0185,0.018759,140813.39
1521504000000.0,0.01876,0.019245,0.018572,0.018941,117936.88
1521590400000.0,0.018905,0.019242,0.018722,0.018944,112397.11
1521676800000.0,0.018944,0.01915,0.018685,0.018772,98997.3
1521763200000.0,0.018765,0.0191,0.0187,0.018989,93730.1
1521849600000.0,0.01898,0.019008,0.01833,0.018622,96526.48
1521936000000.0,0.018622,0.019077,0.018497,0.018888,82198.16
1522022400000.0,0.018888,0.019069,0.017844,0.018175,111681.35
1522108800000.0,0.01818,0.01824,0.017335,0.01734,113572.5
1522195200000.0,0.017344,0.017374,0.016453,0.016504,118357.75
1522281600000.0,0.016503,0.016652,0.015633,0.016156,145298.43
1522368000000.0,0.016156,0.017666,0.0161,0.017285,147128.05
1522454400000.0,0.017285,0.017493,0.016396,0.016758,102738.66
1522540800000.0,0.016764,0.017125,0.0166,0.01686,88448.07
1522627200000.0,0.016856,0.017153,0.016648,0.016869,89971.77
1522713600000.0,0.016845,0.0183,0.01663,0.01808,124725.49
1522800000000.0,0.01808,0.018164,0.016884,0.017381,123228.31
1522886400000.0,0.017381,0.0179,0.017169,0.017504,102349.85
1522972800000.0,0.017488,0.017587,0.017031,0.017041,88566.95
1523059200000.0,0.017045,0.01732,0.016711,0.016771,81295.16
1523145600000.0,0.016795,0.016851,0.016608,0.016751,76505.39
1523232000000.0,0.016752,0.017169,0.0167,0.016928,47969.26
1523318400000.0,0.016928,0.017007,0.016633,0.016694,45008.83
1523404800000.0,0.016694,0.01715,0.01644,0.017045,62312.82
1523491200000.0,0.017055,0.017077,0.015651,0.016392,162719.49
1523577600000.0,0.016394,0.016399,0.015801,0.015904,149322.39
1523664000000.0,0.015896,0.015949,0.015704,0.015797,90872.97
1523750400000.0,0.015793,0.016004,0.0157,0.015851,103437.33
1523836800000.0,0.015851,0.016101,0.0157,0.015971,113849.64
1523923200000.0,0.015986,0.017364,0.015959,0.016756,214238.42
1524009600000.0,0.01676,0.017313,0.01671,0.017171,138179.08
1524096000000.0,0.017171,0.017838,0.016907,0.017746,159153.91
1524182400000.0,0.017718,0.017989,0.017375,0.017561,150970.52
1524268800000.0,0.017564,0.017794,0.016319,0.01664,135670.34
1524355200000.0,0.016637,0.017031,0.016421,0.016663,108411.75
1524441600000.0,0.016665,0.017188,0.016602,0.01706,124276.72
1524528000000.0,0.017076,0.01776,0.016957,0.017098,209047.04
1524614400000.0,0.017098,0.01712,0.015915,0.016325,169214.82
1524700800000.0,0.016325,0.016733,0.016269,0.016565,142611.65
1524787200000.0,0.016551,0.01657,0.016129,0.016338,120340.59
1524873600000.0,0.016322,0.016365,0.0161,0.01626,123053.51
1524960000000.0,0.016252,0.016414,0.016094,0.016303,159333.63
1525046400000.0,0.016301,0.01642,0.015972,0.016066,159742.62
1525132800000.0,0.016042,0.016344,0.015964,0.016328,138416.09
1525219200000.0,0.016302,0.016662,0.016143,0.016399,155980.93
1525305600000.0,0.016399,0.01729,0.016367,0.016537,282419.69
1525392000000.0,0.016556,0.017623,0.016273,0.017422,247739.65
1525478400000.0,0.017433,0.018519,0.017273,0.01817,335778.4
1525564800000.0,0.01815,0.018601,0.017433,0.017835,213431.88
1525651200000.0,0.017847,0.01788,0.017082,0.01755,150625.45
1525737600000.0,0.01755,0.017851,0.017149,0.017308,156069.51
1525824000000.0,0.017311,0.017396,0.016775,0.016839,150765.87
1525910400000.0,0.016818,0.0172,0.016378,0.016435,156403.16
1525996800000.0,0.016403,0.016607,0.015977,0.01621,193806.73
1526083200000.0,0.016209,0.016806,0.015939,0.016713,119719.95
1526169600000.0,0.016713,0.016838,0.016221,0.016629,121039.09
1526256000000.0,0.016629,0.017319,0.01612,0.016981,266026.25
1526342400000.0,0.016987,0.017141,0.016281,0.016428,170318.85
1526428800000.0,0.016445,0.016746,0.01626,0.016681,109920.91
1526515200000.0,0.016681,0.016863,0.01629,0.016427,101068.96
1526601600000.0,0.016429,0.0167,0.0162,0.01649,104679.99
1526688000000.0,0.016498,0.016573,0.01625,0.01639,93174.19
1526774400000.0,0.01639,0.016552,0.01623,0.01639,100909.36
1526860800000.0,0.01639,0.016423,0.01598,0.015982,96616.06
1526947200000.0,0.015996,0.016294,0.015922,0.016025,98304.87
1527033600000.0,0.016025,0.016139,0.01548,0.015755,139684.92
1527120000000.0,0.015753,0.016448,0.015572,0.01619,104495.47
1527206400000.0,0.0162,0.016288,0.015843,0.015934,105524.33
1527292800000.0,0.015934,0.01618,0.015905,0.016128,85491.59
1527379200000.0,0.016128,0.01618,0.015932,0.016031,78944.52
1527465600000.0,0.016031,0.01614,0.01552,0.015593,99854.86
1527552000000.0,0.015593,0.016409,0.01552,0.015999,137331.23
1527638400000.0,0.015999,0.016249,0.015668,0.015875,132097.0
1527724800000.0,0.015874,0.015958,0.015716,0.015788,142668.98
1527811200000.0,0.015787,0.01599,0.015677,0.015976,143023.58
1527897600000.0,0.015972,0.01623,0.01584,0.016158,147208.13
1527984000000.0,0.016156,0.016518,0.016002,0.016211,149551.23
1528070400000.0,0.016212,0.0164,0.01582,0.015994,146807.4
1528156800000.0,0.015983,0.016052,0.015706,0.016017,151358.28
1528243200000.0,0.016017,0.01608,0.015752,0.015849,139743.7
1528329600000.0,0.015863,0.015979,0.015627,0.01581,148438.99
1528416000000.0,0.015817,0.015908,0.015601,0.015761,145830.11
1528502400000.0,0.015751,0.015787,0.015568,0.015652,128350.81
1528588800000.0,0.015653,0.015889,0.015407,0.015744,174002.14
1528675200000.0,0.015747,0.015985,0.01541,0.01559,158417.83
1528761600000.0,0.015596,0.015748,0.014973,0.015261,175622.15
1528848000000.0,0.015261,0.015278,0.014338,0.01484,176871.42
1528934400000.0,0.014841,0.015371,0.014676,0.015177,168940.74
1529020800000.0,0.01518,0.01519,0.014749,0.014951,128486.2
1529107200000.0,0.014951,0.015004,0.014652,0.014884,137992.1
1529193600000.0,0.014885,0.014983,0.014684,0.014721,128780.44
1529280000000.0,0.014721,0.014855,0.014489,0.014722,141781.73
1529366400000.0,0.01472,0.01504,0.014516,0.014631,126201.45
1529452800000.0,0.014636,0.01475,0.014427,0.01446,123539.56
1529539200000.0,0.014465,0.014607,0.0143,0.014403,137659.67
1529625600000.0,0.014396,0.014427,0.01352,0.01403,184531.58
1529712000000.0,0.01403,0.014106,0.01338,0.013434,156655.75
1529798400000.0,0.013434,0.0135,0.012668,0.013086,176051.63
1529884800000.0,0.013099,0.013396,0.01284,0.013048,148282.56
1529971200000.0,0.013043,0.013133,0.012347,0.012469,87027.02
1530057600000.0,0.012468,0.013233,0.012417,0.013138,129019.86
1530144000000.0,0.013147,0.013254,0.0126,0.012675,139076.93
1530230400000.0,0.01267,0.012902,0.0124,0.012732,137781.69
1530316800000.0,0.012728,0.013078,0.01252,0.012717,137729.64
1530403200000.0,0.012717,0.012726,0.012344,0.012564,136729.45
1530489600000.0,0.012556,0.01305,0.012433,0.012911,158469.35
1530576000000.0,0.01291,0.01352,0.012851,0.013033,176300.87
1530662400000.0,0.013056,0.013301,0.012906,0.012957,105009.01
1530748800000.0,0.012957,0.013057,0.012623,0.012753,145834.86
1530835200000.0,0.01276,0.012876,0.012485,0.01259,139423.74
1530921600000.0,0.012587,0.012626,0.01218,0.012552,142901.81
1531008000000.0,0.012569,0.012644,0.012218,0.012262,132546.18
1531094400000.0,0.012256,0.012322,0.012035,0.012075,138871.88
1531180800000.0,0.012077,0.012489,0.011661,0.012035,165535.44
1531267200000.0,0.012036,0.012655,0.011918,0.012262,155152.37
1531353600000.0,0.012255,0.012389,0.01199,0.012316,134944.45
1531440000000.0,0.012311,0.012468,0.012187,0.012303,138069.99
1531526400000.0,0.012305,0.01235,0.012149,0.012188,127725.61
1531612800000.0,0.012189,0.012443,0.012058,0.012352,134488.84
1531699200000.0,0.012366,0.0126,0.012252,0.012443,146206.32
1531785600000.0,0.012437,0.012534,0.012,0.012167,151744.66
1531872000000.0,0.012172,0.012644,0.011655,0.011692,165857.82
1531958400000.0,0.011689,0.011901,0.011492,0.01152,144596.63
1532044800000.0,0.011517,0.011572,0.0111,0.011146,147001.8
1532131200000.0,0.01116,0.011456,0.010937,0.011267,130854.31
1532217600000.0,0.01126,0.011316,0.010986,0.011109,134671.49
1532304000000.0,0.011103,0.01125,0.010524,0.01054,124857.44
1532390400000.0,0.010533,0.01113,0.01032,0.010629,175644.7
1532476800000.0,0.010601,0.010748,0.010395,0.010564,158351.91
1532563200000.0,0.010563,0.01062,0.010413,0.01053,145247.62
1532649600000.0,0.01053,0.01056,0.010221,0.010321,147078.45
1532736000000.0,0.010307,0.010334,0.010157,0.01022,138103.69
1532822400000.0,0.010218,0.01031,0.010166,0.010203,134284.51
1532908800000.0,0.010213,0.010304,0.010035,0.01005,141521.79
1532995200000.0,0.010053,0.01023,0.009836,0.010195,154749.8
1533081600000.0,0.010195,0.010317,0.010118,0.010212,146437.86
1533168000000.0,0.010214,0.010231,0.01006,0.010111,134128.97
1533254400000.0,0.010111,0.01049,0.010101,0.010457,145679.18
1533340800000.0,0.01046,0.010671,0.010301,0.010415,144299.24
1533427200000.0,0.010423,0.010656,0.010388,0.010626,136200.49
1533513600000.0,0.010613,0.010761,0.010518,0.010614,139314.67
1533600000000.0,0.010616,0.010657,0.009938,0.010018,166066.47
1533686400000.0,0.010015,0.0102,0.00975,0.009885,169169.67
1533772800000.0,0.009885,0.010084,0.009612,0.00963,162167.92
1533859200000.0,0.00963,0.009771,0.009548,0.009612,157272.61
1533945600000.0,0.009605,0.009617,0.009045,0.00927,167444.16
1534032000000.0,0.009255,0.009723,0.009234,0.009396,136642.69
1534118400000.0,0.00939,0.009391,0.00895,0.009037,160895.24
1534204800000.0,0.009041,0.009049,0.008345,0.008773,182234.61
1534291200000.0,0.008781,0.009012,0.008613,0.008665,200427.37
1534377600000.0,0.008665,0.008916,0.008662,0.008763,141360.04
1534464000000.0,0.008763,0.009414,0.008728,0.009391,190371.22
1534550400000.0,0.009392,0.009424,0.008699,0.00893,179034.44
1534636800000.0,0.008937,0.009147,0.008811,0.008915,178614.41
1534723200000.0,0.008914,0.008976,0.008488,0.008544,176185.83
1534809600000.0,0.008545,0.008761,0.008508,0.008704,144963.86
1534896000000.0,0.008703,0.008725,0.008534,0.00869,150184.13
1534982400000.0,0.008672,0.008869,0.008348,0.008772,147724.52
1535068800000.0,0.00878,0.00883,0.008545,0.008645,159245.4
1535155200000.0,0.008648,0.00867,0.00853,0.008594,139266.25
1535241600000.0,0.008585,0.0086,0.00847,0.008508,148141.0
1535328000000.0,0.008508,0.008908,0.00847,0.00878,166236.5
1535414400000.0,0.00878,0.00896,0.008633,0.008926,168609.85
1535500800000.0,0.008926,0.00897,0.008676,0.008731,168405.52
1535587200000.0,0.008741,0.008756,0.008554,0.008614,162038.35
1535673600000.0,0.008623,0.00908,0.008567,0.008849,165949.24
1535760000000.0,0.008845,0.00936,0.00883,0.009238,180010.5
1535846400000.0,0.00924,0.009274,0.008882,0.009072,159128.3
1535932800000.0,0.009072,0.00909,0.008899,0.009,147929.24
1536019200000.0,0.009016,0.009396,0.008993,0.009185,174256.36
1536105600000.0,0.009185,0.00927,0.008575,0.008606,204171.57
1536192000000.0,0.008606,0.00886,0.008502,0.008837,219266.87
1536278400000.0,0.008825,0.008959,0.008667,0.008684,166076.03
1536364800000.0,0.008696,0.008871,0.008479,0.00858,150088.04
1536451200000.0,0.008593,0.008873,0.008483,0.00876,156575.31
1536537600000.0,0.008761,0.008892,0.008474,0.00862,152972.44
1536624000000.0,0.008615,0.008619,0.008064,0.008262,177146.26
1536710400000.0,0.008263,0.008276,0.007583,0.008161,195583.25
1536796800000.0,0.00816,0.008488,0.008135,0.008394,184885.94
1536883200000.0,0.008385,0.009,0.008222,0.008674,171549.24
1536969600000.0,0.008677,0.008954,0.008565,0.008655,139805.99
1537056000000.0,0.008653,0.008837,0.008502,0.008738,57207.93
1537142400000.0,0.008738,0.00887,0.008256,0.008326,183412.77
1537228800000.0,0.008328,0.008691,0.008094,0.008533,189280.65
1537315200000.0,0.008524,0.008618,0.008301,0.008485,169871.55
1537401600000.0,0.0085,0.0088,0.008357,0.008708,182209.38
1537488000000.0,0.008693,0.009254,0.008508,0.008991,243381.82
1537574400000.0,0.009006,0.009125,0.008698,0.009019,130109.09
1537660800000.0,0.00902,0.009409,0.008942,0.009161,178062.17
1537747200000.0,0.00915,0.009168,0.008664,0.00882,208588.39
1537833600000.0,0.00882,0.009064,0.008525,0.008937,215529.39
1537920000000.0,0.008936,0.009162,0.008751,0.008852,215043.16
1538006400000.0,0.008849,0.00989,0.008749,0.00946,334499.85
1538092800000.0,0.009463,0.00962,0.009176,0.009331,201252.53
1538179200000.0,0.009327,0.009543,0.009117,0.00933,171231.37
1538265600000.0,0.00933,0.009468,0.009144,0.00924,171879.36
1538352000000.0,0.009229,0.009343,0.00907,0.00914,193748.92
1538438400000.0,0.009149,0.00933,0.008748,0.009109,215025.08
1538524800000.0,0.009108,0.00912,0.008779,0.00884,181314.52
1538611200000.0,0.00884,0.008977,0.008803,0.008851,166276.34
1538697600000.0,0.008857,0.008989,0.008748,0.008881,170985.74
1538784000000.0,0.008879,0.00893,0.008646,0.008789,146971.78
1538870400000.0,0.008787,0.008912,0.008695,0.008812,156067.32
1538956800000.0,0.008811,0.008995,0.008719,0.008948,200882.45
1539043200000.0,0.008943,0.008962,0.008798,0.008862,157963.59
1539129600000.0,0.008867,0.008877,0.008727,0.008811,177610.9
1539216000000.0,0.008805,0.008822,0.008142,0.008208,243492.86
1539302400000.0,0.0082,0.008589,0.008148,0.00853,226689.17
1539388800000.0,0.008531,0.008684,0.00847,0.008535,173469.66
1539475200000.0,0.008535,0.00854,0.008252,0.00829,148148.33
1539561600000.0,0.00829,0.008644,0.008116,0.008316,288338.33
1539648000000.0,0.008317,0.008363,0.008141,0.008221,223788.68
1539734400000.0,0.00822,0.008234,0.008125,0.008202,176299.03
1539820800000.0,0.008203,0.00823,0.00802,0.008086,207356.95
1539907200000.0,0.008089,0.008297,0.00806,0.008219,146604.09
1539993600000.0,0.008216,0.008273,0.008169,0.008244,150556.36
1540080000000.0,0.008244,0.008267,0.008114,0.008133,140637.14
1540166400000.0,0.008136,0.008186,0.008025,0.008072,189638.01
1540252800000.0,0.008072,0.008217,0.00803,0.008131,81479.3
1540339200000.0,0.008133,0.00815,0.008035,0.008087,100453.42
1540425600000.0,0.008087,0.008116,0.00805,0.008086,57666.02
1540512000000.0,0.008088,0.008123,0.007991,0.008059,68692.82
1540598400000.0,0.008059,0.008105,0.007986,0.008034,51238.19
1540684800000.0,0.008034,0.008058,0.007992,0.008029,50737.18
1540771200000.0,0.008024,0.00805,0.007603,0.007753,135991.61
1540857600000.0,0.007753,0.007826,0.007726,0.007791,63790.7
1540944000000.0,0.007789,0.00793,0.007675,0.007841,68369.04
1541030400000.0,0.007838,0.007928,0.007783,0.0079,70506.52
1541116800000.0,0.007903,0.008099,0.007885,0.00805,80544.57
1541203200000.0,0.008049,0.008084,0.007919,0.007988,62548.79
1541289600000.0,0.007993,0.008663,0.007912,0.008417,189243.98
1541376000000.0,0.008423,0.008503,0.008218,0.008342,112694.44
1541462400000.0,0.008342,0.008685,0.008321,0.008662,119307.81
1541548800000.0,0.008662,0.008679,0.008192,0.008281,119119.76
1541635200000.0,0.008282,0.008351,0.0081,0.008139,76667.15
1541721600000.0,0.008127,0.008194,0.008072,0.008133,45928.39
1541808000000.0,0.008133,0.008197,0.008096,0.008158,30615.54
1541894400000.0,0.008157,0.008158,0.007847,0.007965,58541.08
1541980800000.0,0.007983,0.008031,0.007853,0.007937,55844.16
1542067200000.0,0.007929,0.007993,0.007682,0.007803,76105.91
1542153600000.0,0.007799,0.00787,0.007137,0.007616,177744.61
1542240000000.0,0.007615,0.00789,0.007538,0.007772,155838.23
1542326400000.0,0.007787,0.007802,0.007551,0.007593,82503.78
1542412800000.0,0.007593,0.00761,0.007501,0.007535,52655.57
1542499200000.0,0.007545,0.007643,0.007476,0.007521,47172.69
1542585600000.0,0.007522,0.007573,0.007055,0.007538,161704.12
1542672000000.0,0.007538,0.007704,0.0071,0.007412,246283.44
1542758400000.0,0.00739,0.00755,0.007234,0.007541,125402.12
1542844800000.0,0.00753,0.007584,0.007344,0.007347,76344.75
1542931200000.0,0.007347,0.007569,0.007287,0.007415,87274.49
1543017600000.0,0.007409,0.00763,0.007314,0.007558,100227.95
1543104000000.0,0.007558,0.00777,0.007421,0.00771,186618.55
1543190400000.0,0.007708,0.007954,0.007587,0.007823,180978.86
1543276800000.0,0.007811,0.008165,0.00779,0.008156,117325.7
1543363200000.0,0.008156,0.008398,0.007927,0.008153,159381.89
1543449600000.0,0.008151,0.008241,0.007864,0.00789,100642.27
1543536000000.0,0.00789,0.008031,0.007763,0.007965,81790.43
1543622400000.0,0.007964,0.008245,0.007878,0.008152,69477.34
1543708800000.0,0.008155,0.008217,0.008037,0.008114,60311.51
1543795200000.0,0.008131,0.00815,0.007807,0.007956,78553.91
1543881600000.0,0.007956,0.008008,0.00786,0.00787,72512.81
1543968000000.0,0.007882,0.007965,0.0077,0.007769,77074.71
1544054400000.0,0.007769,0.007891,0.007478,0.007615,158957.41
1544140800000.0,0.007629,0.007695,0.00688,0.007325,226985.64
1544227200000.0,0.007325,0.007681,0.006923,0.007119,197625.54
1544313600000.0,0.007114,0.007476,0.007104,0.007155,110380.88
1544400000000.0,0.007155,0.007193,0.006935,0.007036,86859.06
1544486400000.0,0.007036,0.007142,0.00688,0.006925,71474.62
1544572800000.0,0.006937,0.007191,0.0069,0.007016,88817.05
1544659200000.0,0.007008,0.007082,0.006963,0.006989,79663.21
1544745600000.0,0.006989,0.007248,0.006901,0.007234,97231.75
1544832000000.0,0.007231,0.007412,0.00715,0.007343,85121.47
1544918400000.0,0.007342,0.008204,0.007337,0.007906,281182.67
1545004800000.0,0.007903,0.008542,0.00788,0.008258,260586.36
1545091200000.0,0.008253,0.008338,0.008006,0.0082,158784.65
1545177600000.0,0.0082,0.008469,0.007805,0.007871,243465.36
1545264000000.0,0.007871,0.00805,0.007646,0.007936,199357.31
1545350400000.0,0.007946,0.008,0.007732,0.007889,138869.82
1545436800000.0,0.00788,0.007973,0.007821,0.007912,92759.63
1545523200000.0,0.007934,0.008526,0.007921,0.008388,175290.77
1545609600000.0,0.008382,0.008637,0.008053,0.008158,262282.07
1545696000000.0,0.00815,0.00825,0.008,0.008142,183359.78
1545782400000.0,0.008149,0.008288,0.007772,0.008015,180678.45
1545868800000.0,0.008016,0.008094,0.007583,0.007721,187867.27
1545955200000.0,0.007722,0.008506,0.007717,0.008277,262119.45
1546041600000.0,0.008275,0.00848,0.008106,0.0082,198504.26
1546128000000.0,0.0082,0.008326,0.008122,0.008254,132864.3
1546214400000.0,0.00825,0.008275,0.008025,0.00809,109909.3
1546300800000.0,0.00809,0.008494,0.008025,0.008294,83763.03
1546387200000.0,0.008294,0.008581,0.008283,0.008474,113812.38
1546473600000.0,0.008471,0.008507,0.008206,0.008337,115418.57
1546560000000.0,0.008336,0.00857,0.008264,0.008379,114554.84
1546646400000.0,0.008381,0.009455,0.008381,0.009107,362012.1
1546732800000.0,0.009107,0.010121,0.009017,0.009602,610408.32
1546819200000.0,0.009604,0.009756,0.009286,0.009398,329757.53
1546905600000.0,0.009393,0.010097,0.009337,0.009785,351962.54
1546992000000.0,0.009785,0.009948,0.009603,0.009625,229566.09
1547078400000.0,0.009625,0.009726,0.008874,0.009152,341968.34
1547164800000.0,0.009152,0.009207,0.008656,0.008741,265058.26
1547251200000.0,0.008745,0.008892,0.00868,0.008835,128006.81
1547337600000.0,0.008835,0.009073,0.008431,0.008508,152524.92
1547424000000.0,0.008517,0.008884,0.008485,0.008749,151100.22
1547510400000.0,0.008747,0.008873,0.008502,0.008659,163049.83
1547596800000.0,0.008652,0.008766,0.008572,0.008709,109599.74
1547683200000.0,0.008708,0.008745,0.008388,0.008689,175926.96
1547769600000.0,0.008683,0.008708,0.008481,0.008562,107528.59
1547856000000.0,0.008561,0.00887,0.008559,0.008725,120354.83
1547942400000.0,0.008723,0.00906,0.008511,0.008652,174727.06
1548028800000.0,0.008661,0.008794,0.008642,0.008738,79512.43
1548115200000.0,0.008735,0.008896,0.00852,0.008796,150933.55
1548201600000.0,0.008798,0.008998,0.00878,0.008919,119879.96
1548288000000.0,0.008919,0.009239,0.008757,0.009116,136152.15
1548374400000.0,0.009116,0.009211,0.008996,0.009158,122537.96
1548460800000.0,0.009166,0.009358,0.009136,0.009201,142153.66
1548547200000.0,0.0092,0.009272,0.008973,0.009074,137073.11
1548633600000.0,0.009069,0.009144,0.0088,0.009009,198371.75
1548720000000.0,0.00901,0.009132,0.008883,0.00903,128914.68
1548806400000.0,0.00903,0.0092,0.008967,0.009163,125232.5
1548892800000.0,0.009161,0.009299,0.009057,0.009146,159372.58
1548979200000.0,0.009145,0.009659,0.009023,0.00941,226874.74
1549065600000.0,0.009412,0.009972,0.009408,0.009868,224355.5
1549152000000.0,0.009866,0.009959,0.009589,0.009664,246096.21
1549238400000.0,0.009665,0.009949,0.009643,0.00985,184393.99
1549324800000.0,0.009844,0.009964,0.009738,0.009896,182794.94
1549411200000.0,0.009895,0.009941,0.009522,0.009623,204322.62
1549497600000.0,0.009623,0.009832,0.009622,0.009782,113016.01
1549584000000.0,0.009782,0.0121,0.009709,0.011753,856564.87
1549670400000.0,0.011753,0.012678,0.011548,0.01219,644656.41
1549756800000.0,0.012193,0.012999,0.011645,0.012726,429057.54
1549843200000.0,0.012722,0.012789,0.01156,0.011807,391023.44
1549929600000.0,0.011806,0.012256,0.011666,0.012089,290608.96
1550016000000.0,0.01209,0.012227,0.011289,0.011528,244280.44
1550102400000.0,0.011527,0.011709,0.011303,0.011488,166154.27
1550188800000.0,0.01149,0.012204,0.011467,0.011823,222489.01
1550275200000.0,0.011819,0.012218,0.011715,0.01199,212202.14
1550361600000.0,0.011995,0.0122,0.01181,0.011972,178616.53
1550448000000.0,0.011967,0.01258,0.011805,0.01227,346860.09
1550534400000.0,0.012267,0.01245,0.012,0.012064,248507.42
1550620800000.0,0.012072,0.01314,0.011939,0.012962,353740.13
1550707200000.0,0.01296,0.013004,0.012222,0.012419,250196.01
1550793600000.0,0.012425,0.012591,0.012245,0.012422,203315.2
1550880000000.0,0.012422,0.012748,0.01221,0.012483,219597.84
1550966400000.0,0.012482,0.012756,0.011385,0.011669,443608.12
1551052800000.0,0.011672,0.012159,0.011575,0.011859,289780.55
1551139200000.0,0.011857,0.011973,0.011598,0.01175,172924.02
1551225600000.0,0.011756,0.011884,0.011512,0.011831,147923.62
1551312000000.0,0.011831,0.012091,0.011796,0.011965,180632.15
1551398400000.0,0.011962,0.012725,0.011909,0.012307,236077.34
1551484800000.0,0.012305,0.0129,0.012278,0.012696,226674.81
1551571200000.0,0.012696,0.01281,0.012457,0.012571,149995.13
1551657600000.0,0.012575,0.012616,0.012127,0.012319,194445.84
1551744000000.0,0.012322,0.014071,0.012224,0.013617,501466.1
1551830400000.0,0.013623,0.014591,0.013402,0.01434,478913.88
1551916800000.0,0.014335,0.015155,0.013983,0.014644,545783.04
1552003200000.0,0.014646,0.014768,0.0141,0.014386,335870.73
1552089600000.0,0.014388,0.015172,0.01436,0.014651,369634.7
1552176000000.0,0.014655,0.01473,0.014359,0.01446,179690.04
1552262400000.0,0.014462,0.014595,0.01395,0.014163,201007.61
1552348800000.0,0.01416,0.014633,0.01396,0.014571,144816.55
1552435200000.0,0.014571,0.014602,0.01412,0.014301,162700.47
1552521600000.0,0.0143,0.014866,0.013951,0.014424,208200.19
1552608000000.0,0.014423,0.015033,0.014416,0.014902,233035.11
1552694400000.0,0.014902,0.01569,0.01488,0.015279,315935.39
1552780800000.0,0.01528,0.015346,0.015053,0.015186,166344.49
1552867200000.0,0.015184,0.015506,0.014691,0.014839,216838.64
1552953600000.0,0.014839,0.01498,0.014703,0.014819,148299.53
1553040000000.0,0.014818,0.015031,0.01432,0.01491,160140.93
1553126400000.0,0.014918,0.014963,0.014531,0.014706,137439.33
1553212800000.0,0.014707,0.014901,0.014601,0.014858,128794.52
1553299200000.0,0.014848,0.01535,0.014797,0.015206,166336.91
1553385600000.0,0.015205,0.01521,0.01482,0.014987,144463.37
1553472000000.0,0.014987,0.015175,0.01472,0.014998,141400.92
1553558400000.0,0.015004,0.015048,0.014707,0.014894,123718.58
1553644800000.0,0.014899,0.01528,0.014878,0.015211,166889.8
1553731200000.0,0.015211,0.015222,0.014983,0.015022,102159.27
1553817600000.0,0.015019,0.015117,0.01483,0.014966,116941.85
1553904000000.0,0.014972,0.014972,0.014687,0.01472,90054.06
1553990400000.0,0.014722,0.01479,0.01461,0.014738,84476.49
1554076800000.0,0.014736,0.014778,0.014411,0.014588,94366.17
1554163200000.0,0.014583,0.016036,0.013289,0.015804,533686.06
1554249600000.0,0.015806,0.018939,0.015612,0.017235,942014.76
1554336000000.0,0.017236,0.017864,0.016514,0.017295,406185.9
1554422400000.0,0.017299,0.0179,0.017101,0.017626,210817.24
1554508800000.0,0.017622,0.0189,0.017166,0.018293,281302.41
1554595200000.0,0.018294,0.018562,0.017505,0.017695,186857.29
1554681600000.0,0.017695,0.017857,0.016714,0.016916,215992.28
1554768000000.0,0.016915,0.017222,0.016249,0.01674,155194.13
1554854400000.0,0.016724,0.017,0.016466,0.016608,124859.51
1554940800000.0,0.01661,0.016623,0.01501,0.015733,265983.29
1555027200000.0,0.015731,0.015875,0.01531,0.01554,126507.68
1555113600000.0,0.015539,0.015929,0.015084,0.015382,97322.6
1555200000000.0,0.015375,0.016258,0.015177,0.016228,114573.24
1555286400000.0,0.016232,0.016388,0.015007,0.015535,180752.16
1555372800000.0,0.015536,0.01575,0.015371,0.015509,113380.69
1555459200000.0,0.015517,0.015598,0.015121,0.015142,91538.66
1555545600000.0,0.015142,0.015904,0.015138,0.015533,139908.77
1555632000000.0,0.015532,0.01579,0.015342,0.015603,141512.2
1555718400000.0,0.015604,0.015669,0.015134,0.015333,103698.99
1555804800000.0,0.015335,0.015404,0.014008,0.014574,224247.79
1555891200000.0,0.014577,0.01468,0.014194,0.014272,135492.94
1555977600000.0,0.014269,0.014348,0.013332,0.01341,193784.52
1556064000000.0,0.013411,0.013521,0.012841,0.013454,270462.17
1556150400000.0,0.013454,0.01395,0.013367,0.013745,179936.05
1556236800000.0,0.013746,0.013968,0.013612,0.013897,168526.85
1556323200000.0,0.013895,0.013909,0.013551,0.013641,55308.64
1556409600000.0,0.01364,0.013669,0.013002,0.013163,117053.67
1556496000000.0,0.013163,0.01322,0.012754,0.012952,119321.77
1556582400000.0,0.012954,0.014,0.012951,0.013959,205343.03
1556668800000.0,0.013961,0.014087,0.013453,0.013627,137796.76
1556755200000.0,0.013628,0.013733,0.013255,0.013407,114937.7
1556841600000.0,0.013404,0.013956,0.01283,0.013734,263479.46
1556928000000.0,0.013734,0.014132,0.013181,0.013336,240953.15
1557014400000.0,0.013336,0.013446,0.013082,0.013107,82873.02
1557100800000.0,0.013107,0.01333,0.012667,0.013035,182380.29
1557187200000.0,0.01304,0.013546,0.012551,0.012752,179685.46
1557273600000.0,0.012752,0.012772,0.012386,0.01243,117351.27
1557360000000.0,0.012429,0.012449,0.0116,0.011952,106977.64
1557446400000.0,0.01195,0.01249,0.011551,0.012095,184581.52
1557532800000.0,0.012101,0.013275,0.011374,0.012206,519898.42
1557619200000.0,0.012208,0.012668,0.012001,0.012154,385992.46
1557705600000.0,0.012157,0.01239,0.0111,0.011215,343669.12
1557792000000.0,0.011212,0.011718,0.011067,0.011466,382847.73
1557878400000.0,0.011466,0.012947,0.011341,0.012489,414180.14
1557964800000.0,0.012489,0.012931,0.011505,0.012134,557799.09
1558051200000.0,0.012134,0.0125,0.011708,0.012204,472146.3
1558137600000.0,0.012203,0.012205,0.011784,0.011926,159954.58
1558224000000.0,0.011928,0.012018,0.01157,0.011593,203687.13
1558310400000.0,0.011594,0.01166,0.011363,0.011475,196816.55
1558396800000.0,0.011472,0.011698,0.0113,0.011481,155553.05
1558483200000.0,0.011477,0.011765,0.010975,0.011505,211474.49
1558569600000.0,0.011505,0.011539,0.011191,0.011292,149575.59
1558656000000.0,0.011289,0.013,0.011275,0.012616,489876.69
1558742400000.0,0.012617,0.013117,0.012419,0.012793,311632.1
1558828800000.0,0.012791,0.013339,0.012166,0.012896,406226.64
1558915200000.0,0.012892,0.013701,0.012677,0.013293,521619.02
1559001600000.0,0.013296,0.01346,0.012951,0.013173,247421.3
1559088000000.0,0.013172,0.013549,0.01283,0.01331,235909.3
1559174400000.0,0.013308,0.013595,0.012679,0.013037,439489.05
1559260800000.0,0.013027,0.013399,0.012749,0.013395,280048.85
1559347200000.0,0.013395,0.013553,0.013051,0.013143,179265.57
1559433600000.0,0.013142,0.013309,0.013036,0.013111,119238.48
1559520000000.0,0.013114,0.013385,0.012827,0.013053,221827.97
1559606400000.0,0.013049,0.013316,0.01284,0.013298,244527.08
1559692800000.0,0.013297,0.013418,0.013082,0.013327,162308.97
1559779200000.0,0.013331,0.014512,0.01326,0.014283,266866.12
1559865600000.0,0.014282,0.01498,0.01411,0.014626,363729.36
1559952000000.0,0.014638,0.0152,0.014449,0.01494,245402.1
1560038400000.0,0.01494,0.01505,0.014659,0.015031,210850.17
1560124800000.0,0.015029,0.016319,0.014951,0.016187,430309.54
1560211200000.0,0.016189,0.017527,0.015943,0.017212,504831.84
1560297600000.0,0.017213,0.017756,0.016129,0.016646,650694.63
1560384000000.0,0.01665,0.016771,0.01551,0.01589,411452.69
1560470400000.0,0.015891,0.016021,0.01497,0.015265,374380.62
1560556800000.0,0.015262,0.016,0.015261,0.015612,303522.81
1560643200000.0,0.015614,0.015615,0.014545,0.015234,300542.64
1560729600000.0,0.015236,0.01525,0.014232,0.014367,228416.47
1560816000000.0,0.014364,0.0151,0.014223,0.014893,274379.79
1560902400000.0,0.01489,0.015272,0.014555,0.014737,381727.86
1560988800000.0,0.014739,0.01476,0.013992,0.01423,232071.84
1561075200000.0,0.014231,0.014461,0.01357,0.013601,232476.33
1561161600000.0,0.013604,0.013791,0.012602,0.01325,459674.79
1561248000000.0,0.013256,0.013268,0.012384,0.012606,230593.5
1561334400000.0,0.012609,0.012741,0.012078,0.012279,167624.65
1561420800000.0,0.012281,0.012374,0.011422,0.011531,261860.0
1561507200000.0,0.011527,0.01158,0.00975,0.010091,567825.65
1561593600000.0,0.010091,0.01083,0.009406,0.010237,658502.57
1561680000000.0,0.010238,0.010485,0.009635,0.009663,361923.24
1561766400000.0,0.009666,0.011565,0.009624,0.011249,631961.81
1561852800000.0,0.011243,0.012138,0.010821,0.01135,640375.35
1561939200000.0,0.011355,0.011796,0.011071,0.011593,425224.06
1562025600000.0,0.011594,0.011781,0.01075,0.010952,305565.03
1562112000000.0,0.010953,0.01096,0.010091,0.010165,245757.21
1562198400000.0,0.010165,0.0108,0.009991,0.01073,272909.98
1562284800000.0,0.010732,0.010982,0.010468,0.010775,221196.36
1562371200000.0,0.010778,0.010779,0.0103,0.010512,121711.66
1562457600000.0,0.01052,0.01062,0.010329,0.01047,98471.87
1562544000000.0,0.010473,0.010491,0.009799,0.010044,190802.3
1562630400000.0,0.010041,0.010056,0.00944,0.009507,209943.78
1562716800000.0,0.009506,0.00952,0.008186,0.008943,460018.51
1562803200000.0,0.008944,0.0092,0.008444,0.009083,441671.97
1562889600000.0,0.009082,0.009201,0.008791,0.008917,221033.18
1562976000000.0,0.008918,0.00913,0.008804,0.008894,189368.13
1563062400000.0,0.008895,0.008997,0.00846,0.008809,307813.1
1563148800000.0,0.008812,0.008817,0.008268,0.008344,324431.38
1563235200000.0,0.008345,0.008499,0.007976,0.008438,270033.75
1563321600000.0,0.008443,0.009613,0.008301,0.009309,444646.94
1563408000000.0,0.009307,0.009946,0.009082,0.009516,429573.24
1563494400000.0,0.009517,0.0096,0.009146,0.00936,250927.57
1563580800000.0,0.009358,0.009826,0.009295,0.009334,170068.38
1563667200000.0,0.009333,0.009486,0.009135,0.009419,116807.13
1563753600000.0,0.009418,0.009457,0.00889,0.009215,182547.71
1563840000000.0,0.009214,0.009242,0.008956,0.009142,156616.65
1563926400000.0,0.009136,0.009817,0.008989,0.009672,189472.34
1564012800000.0,0.009672,0.009677,0.00924,0.009438,129175.14
1564099200000.0,0.009437,0.009619,0.009317,0.00957,103256.22
1564185600000.0,0.009568,0.009604,0.009192,0.009363,151615.52
1564272000000.0,0.009366,0.009521,0.009122,0.009443,118921.46
1564358400000.0,0.009434,0.009598,0.009301,0.009503,118062.05
1564444800000.0,0.009503,0.009575,0.009374,0.009414,93726.77
1564531200000.0,0.009414,0.00999,0.009382,0.0098,230644.98
1564617600000.0,0.009799,0.009884,0.009451,0.009507,190417.64
1564704000000.0,0.009507,0.009509,0.008863,0.009004,195538.78
1564790400000.0,0.009005,0.009056,0.008636,0.008706,125777.3
1564876800000.0,0.008706,0.008819,0.008389,0.008479,151327.83
1564963200000.0,0.008478,0.009084,0.007999,0.008162,453892.14
1565049600000.0,0.008162,0.008202,0.0078,0.0081,274543.43
1565136000000.0,0.008101,0.008108,0.007506,0.007567,183513.76
1565222400000.0,0.007562,0.007847,0.007494,0.007512,149124.96
1565308800000.0,0.007513,0.007569,0.007025,0.007097,149342.99
1565395200000.0,0.007098,0.0077,0.007085,0.007557,222193.96
1565481600000.0,0.007558,0.008034,0.00755,0.007799,169152.82
1565568000000.0,0.007788,0.007806,0.007483,0.007528,118764.6
1565654400000.0,0.007529,0.007944,0.007406,0.007785,159850.29
1565740800000.0,0.007783,0.008115,0.007328,0.007552,292289.0
1565827200000.0,0.007549,0.00766,0.00732,0.007404,129490.95
1565913600000.0,0.007405,0.007552,0.007151,0.00722,141822.49
1566000000000.0,0.00722,0.007261,0.007001,0.007115,166239.81
1566086400000.0,0.007112,0.007529,0.007066,0.007401,151213.53
1566172800000.0,0.0074,0.007419,0.007057,0.007069,109316.75
1566259200000.0,0.007064,0.007103,0.006915,0.006982,92707.66
1566345600000.0,0.006982,0.007321,0.006941,0.007223,135261.89
1566432000000.0,0.007222,0.007403,0.007173,0.007266,111010.12
1566518400000.0,0.007263,0.007308,0.00711,0.007257,74458.49
1566604800000.0,0.007257,0.007297,0.007135,0.007236,74441.26
1566691200000.0,0.007232,0.007402,0.00706,0.007114,92803.08
1566777600000.0,0.007114,0.007251,0.007023,0.00709,100079.58
1566864000000.0,0.00709,0.007227,0.007049,0.007163,63063.28
1566950400000.0,0.007154,0.007163,0.006487,0.006862,189490.4
1567036800000.0,0.006863,0.006974,0.006611,0.006694,140311.9
1567123200000.0,0.006695,0.006806,0.006595,0.006702,93082.57
1567209600000.0,0.006703,0.006767,0.006561,0.006701,80375.01
1567296000000.0,0.006701,0.006955,0.006691,0.006773,81798.29
1567382400000.0,0.00677,0.006799,0.006425,0.006473,100457.68
1567468800000.0,0.006473,0.00673,0.006423,0.006504,125912.99
1567555200000.0,0.0065,0.006546,0.006281,0.006343,93846.06
1567641600000.0,0.00634,0.006371,0.006092,0.006174,102378.9
1567728000000.0,0.006174,0.006335,0.006148,0.006298,126165.92
1567814400000.0,0.006301,0.006704,0.006247,0.006577,141628.74
1567900800000.0,0.006577,0.00684,0.006551,0.006775,122890.6
1567987200000.0,0.006775,0.006901,0.00664,0.006782,98762.64
1568073600000.0,0.006781,0.00708,0.00678,0.007016,153016.48
1568160000000.0,0.007015,0.00711,0.006797,0.006869,88866.96
1568246400000.0,0.006867,0.006871,0.006625,0.006642,76132.96
1568332800000.0,0.006641,0.00674,0.0066,0.006663,60880.19
1568419200000.0,0.006665,0.00687,0.006626,0.006823,64786.64
1568505600000.0,0.006822,0.006893,0.006756,0.006799,58250.84
1568592000000.0,0.006798,0.00716,0.006798,0.007088,122690.26
1568678400000.0,0.007089,0.007549,0.007062,0.007268,177496.19
1568764800000.0,0.007268,0.007878,0.007267,0.007659,259837.26
1568851200000.0,0.007659,0.0077,0.007311,0.007473,232127.08
1568937600000.0,0.007474,0.007501,0.007234,0.007383,131834.54
1569024000000.0,0.007384,0.007443,0.007233,0.007329,80449.61
1569110400000.0,0.00733,0.00733,0.007151,0.007202,85506.15
1569196800000.0,0.007202,0.007462,0.006368,0.006861,262930.63
1569283200000.0,0.006863,0.007106,0.006411,0.006421,396429.35
1569369600000.0,0.006425,0.006969,0.006401,0.006812,342416.68
1569456000000.0,0.006814,0.006873,0.006486,0.006846,228498.33
1569542400000.0,0.006846,0.006918,0.006701,0.006834,159290.75
1569628800000.0,0.006833,0.00685,0.006694,0.006752,111430.86
1569715200000.0,0.006753,0.006777,0.006567,0.006693,101207.07
1569801600000.0,0.006694,0.006924,0.006678,0.006758,164750.19
1569888000000.0,0.006758,0.00687,0.006616,0.006703,136666.24
1569974400000.0,0.006702,0.006868,0.006701,0.006733,89955.34
1570060800000.0,0.00673,0.00694,0.006638,0.006859,144848.18
1570147200000.0,0.006859,0.007035,0.006856,0.006918,121168.61
1570233600000.0,0.006918,0.007092,0.006899,0.006976,110086.18
1570320000000.0,0.006975,0.007054,0.006787,0.006926,136765.61
1570406400000.0,0.006925,0.007105,0.006853,0.007016,153988.78
1570492800000.0,0.007015,0.007047,0.006925,0.006969,86566.19
1570579200000.0,0.006967,0.007095,0.00682,0.006904,175372.37
1570665600000.0,0.006904,0.006915,0.006675,0.006718,96280.17
1570752000000.0,0.006714,0.006765,0.00657,0.006762,100316.61
1570838400000.0,0.006762,0.006769,0.006655,0.00671,57785.41
1570924800000.0,0.006708,0.006896,0.006701,0.006822,70935.6
1571011200000.0,0.006821,0.006873,0.006782,0.006805,78374.98
1571097600000.0,0.006805,0.006854,0.006451,0.006688,183961.86
1571184000000.0,0.006688,0.006775,0.006424,0.006564,158626.38
1571270400000.0,0.006562,0.006812,0.006491,0.006806,115301.69
1571356800000.0,0.006804,0.006807,0.006641,0.006698,85586.48
1571443200000.0,0.006698,0.006799,0.00664,0.006758,61471.91
1571529600000.0,0.006757,0.006791,0.006663,0.006672,71954.58
1571616000000.0,0.006672,0.006726,0.006529,0.006659,105008.61
1571702400000.0,0.006656,0.006713,0.006569,0.006652,72443.21
1571788800000.0,0.006655,0.006656,0.006357,0.006625,158464.51
1571875200000.0,0.006623,0.006726,0.006544,0.006683,109921.79
1571961600000.0,0.006683,0.00695,0.006543,0.006577,282635.3
1572048000000.0,0.006577,0.0066,0.005974,0.006144,378852.26
1572134400000.0,0.00614,0.006445,0.005993,0.006275,181700.87
1572220800000.0,0.006272,0.006408,0.006071,0.006267,175332.58
1572307200000.0,0.00627,0.006429,0.006269,0.00635,146899.88
1572393600000.0,0.006353,0.00651,0.006275,0.006325,128710.61
1572480000000.0,0.006324,0.00644,0.00632,0.006376,105599.38
1572566400000.0,0.006377,0.006412,0.00624,0.006312,68006.61
1572652800000.0,0.00631,0.006345,0.006231,0.00627,54048.98
1572739200000.0,0.00627,0.006397,0.006221,0.006338,63046.46
1572825600000.0,0.006338,0.006665,0.006329,0.006522,185458.92
1572912000000.0,0.006521,0.006867,0.006516,0.006778,184655.94
1572998400000.0,0.006781,0.006875,0.006709,0.006865,143917.17
1573084800000.0,0.006865,0.006885,0.006558,0.006664,127657.02
1573171200000.0,0.006667,0.006891,0.006633,0.006882,140432.73
1573257600000.0,0.00688,0.007089,0.006857,0.007048,121095.36
1573344000000.0,0.007044,0.00753,0.006915,0.007041,227605.46
1573430400000.0,0.007041,0.007178,0.006959,0.00708,137252.7
1573516800000.0,0.00708,0.007108,0.00691,0.00697,104808.88
1573603200000.0,0.006966,0.00704,0.006901,0.006944,70568.43
1573689600000.0,0.006944,0.006953,0.006785,0.006824,101744.3
1573776000000.0,0.006821,0.006989,0.006619,0.0068,148526.35
1573862400000.0,0.0068,0.006916,0.006767,0.006866,61297.96
1573948800000.0,0.006863,0.007017,0.006834,0.006965,85384.54
1574035200000.0,0.006966,0.006986,0.006624,0.006817,154664.26
1574121600000.0,0.006818,0.0069,0.006729,0.006779,126368.13
1574208000000.0,0.006778,0.006902,0.006732,0.006791,95320.92
1574294400000.0,0.00679,0.006809,0.006482,0.006639,192790.6
1574380800000.0,0.006635,0.00676,0.006375,0.00651,296947.05
1574467200000.0,0.006512,0.00666,0.006471,0.006584,116307.19
1574553600000.0,0.006578,0.006593,0.00628,0.006354,162100.07
1574640000000.0,0.006356,0.006759,0.0063,0.006397,215512.41
1574726400000.0,0.006391,0.006611,0.006389,0.006554,96785.84
1574812800000.0,0.006556,0.006563,0.006314,0.006349,123720.92
1574899200000.0,0.00635,0.006389,0.006228,0.006304,84399.68
1574985600000.0,0.006307,0.006435,0.006256,0.006275,119099.0
1575072000000.0,0.006272,0.006345,0.0062,0.006259,90859.66
1575158400000.0,0.006258,0.006487,0.006185,0.006419,113003.35
1575244800000.0,0.006419,0.00643,0.006158,0.006231,124684.27
1575331200000.0,0.006229,0.006293,0.006101,0.006138,112088.38
1575417600000.0,0.006136,0.006253,0.006037,0.006209,143881.68
1575504000000.0,0.006208,0.006211,0.005998,0.006062,134285.33
1575590400000.0,0.006062,0.006138,0.00598,0.006011,105472.28
1575676800000.0,0.006011,0.006136,0.005989,0.006029,79199.0
1575763200000.0,0.006028,0.006119,0.006013,0.006066,51167.28
1575849600000.0,0.006063,0.006122,0.00598,0.006056,96412.84
1575936000000.0,0.006056,0.006107,0.00601,0.006105,61340.59
1576022400000.0,0.006104,0.006154,0.006012,0.006065,73597.61
1576108800000.0,0.006061,0.006101,0.006002,0.006063,56624.17
1576195200000.0,0.006065,0.006131,0.006024,0.006125,55374.54
1576281600000.0,0.006125,0.006184,0.006084,0.006121,48235.71
1576368000000.0,0.006125,0.006153,0.006095,0.006107,38600.42
1576454400000.0,0.006107,0.006125,0.005665,0.005801,153835.59
1576540800000.0,0.005804,0.005817,0.00551,0.005575,211336.27
1576627200000.0,0.005575,0.005816,0.005538,0.005608,175008.99
1576713600000.0,0.005604,0.005659,0.005501,0.005547,87024.66
1576800000000.0,0.005548,0.005645,0.005541,0.005588,49842.01
1576886400000.0,0.005588,0.005604,0.005538,0.005559,34638.31
1576972800000.0,0.005558,0.00575,0.005555,0.005578,70382.04
1577059200000.0,0.005578,0.00563,0.0055,0.005542,82429.25
1577145600000.0,0.005546,0.005627,0.00549,0.005559,64544.79
1577232000000.0,0.00556,0.005603,0.005486,0.005568,43989.8
1577318400000.0,0.005569,0.005638,0.005508,0.005557,61416.46
1577404800000.0,0.005552,0.005701,0.005541,0.005647,81728.01
1577491200000.0,0.005647,0.005951,0.005644,0.005857,133778.85
1577577600000.0,0.005855,0.005895,0.005772,0.005833,124016.34
1577664000000.0,0.00583,0.005967,0.005791,0.00585,103361.64
1577750400000.0,0.00585,0.005884,0.005728,0.005741,65655.54
1577836800000.0,0.005739,0.005812,0.005729,0.005779,39694.2
1577923200000.0,0.005777,0.005806,0.005626,0.00566,66450.4
1578009600000.0,0.00566,0.005754,0.005585,0.00575,108705.05
1578096000000.0,0.005747,0.005828,0.005713,0.005818,101700.57
1578182400000.0,0.005817,0.00597,0.00574,0.005884,106032.33
1578268800000.0,0.005884,0.006,0.005852,0.005905,134768.38
1578355200000.0,0.005905,0.005905,0.005672,0.005684,193631.12
1578441600000.0,0.005684,0.005775,0.005467,0.00563,235937.7
1578528000000.0,0.005629,0.00575,0.005612,0.005724,97007.84
1578614400000.0,0.005724,0.00614,0.005695,0.005983,326899.92
1578700800000.0,0.005983,0.006342,0.005946,0.006148,331533.45
1578787200000.0,0.006152,0.006385,0.006126,0.006285,272708.95
1578873600000.0,0.006285,0.006296,0.006061,0.006118,181972.91
1578960000000.0,0.006115,0.006869,0.006113,0.006625,616103.77
1579046400000.0,0.006621,0.006823,0.00645,0.006591,387650.49
1579132800000.0,0.006594,0.006706,0.006351,0.006599,202915.24
1579219200000.0,0.006603,0.007066,0.00654,0.00685,317275.69
1579305600000.0,0.00685,0.00696,0.006545,0.006652,277795.81
1579392000000.0,0.006653,0.006867,0.006433,0.006622,201021.53
1579478400000.0,0.006621,0.006706,0.006516,0.006618,83659.16
1579564800000.0,0.006616,0.006686,0.006549,0.00659,84127.91
1579651200000.0,0.00659,0.006776,0.006561,0.006718,99804.15
1579737600000.0,0.006719,0.00673,0.0063,0.006486,165590.92
1579824000000.0,0.006487,0.0065,0.006122,0.006444,206015.81
1579910400000.0,0.006447,0.006492,0.00625,0.006387,97323.17
1579996800000.0,0.006385,0.006596,0.006334,0.006529,116804.34
1580083200000.0,0.006526,0.006785,0.006474,0.006573,160943.14
1580169600000.0,0.006573,0.00675,0.006432,0.006455,219052.56
1580256000000.0,0.006456,0.006671,0.006408,0.006432,161395.49
1580342400000.0,0.006429,0.007347,0.006319,0.007148,454450.99
1580428800000.0,0.007145,0.007447,0.007085,0.007274,396602.96
1580515200000.0,0.007271,0.007729,0.007234,0.007535,406653.73
1580601600000.0,0.007535,0.007781,0.007311,0.007496,290797.78
1580688000000.0,0.007497,0.007638,0.007389,0.007496,216676.59
1580774400000.0,0.007497,0.00755,0.007255,0.0074,166444.41
1580860800000.0,0.007399,0.007693,0.007357,0.007549,205046.27
1580947200000.0,0.007549,0.007746,0.007358,0.00753,212011.03
1581033600000.0,0.00753,0.00767,0.007476,0.00757,159517.58
1581120000000.0,0.00757,0.007896,0.007372,0.007737,234981.43
1581206400000.0,0.007737,0.007802,0.007481,0.007582,185123.89
1581292800000.0,0.007581,0.007605,0.007384,0.007512,213796.75
1581379200000.0,0.007509,0.007646,0.007398,0.00748,196554.46
1581465600000.0,0.007478,0.008008,0.007476,0.007859,293433.5
1581552000000.0,0.007862,0.008096,0.007522,0.007873,392563.88
1581638400000.0,0.007871,0.0081,0.007769,0.008039,250110.94
1581724800000.0,0.008034,0.008065,0.00764,0.007747,268992.25
1581811200000.0,0.007742,0.008043,0.006996,0.007533,401584.35
1581897600000.0,0.007536,0.007614,0.0071,0.007564,297081.34
1581984000000.0,0.007566,0.00778,0.007305,0.0076,215360.79
1582070400000.0,0.007599,0.007734,0.007153,0.007359,170958.52
1582156800000.0,0.007355,0.0075,0.00701,0.007233,251330.83
1582243200000.0,0.00723,0.007728,0.007163,0.007572,215889.65
1582329600000.0,0.007572,0.007943,0.007501,0.007748,273423.66
1582416000000.0,0.007748,0.008082,0.007729,0.008008,209659.5
1582502400000.0,0.008005,0.008009,0.007533,0.007825,227464.77
1582588800000.0,0.007824,0.007867,0.0075,0.007622,208673.18
1582675200000.0,0.007619,0.007867,0.006627,0.006885,475359.6
1582761600000.0,0.006891,0.007259,0.006697,0.006995,353361.92
1582848000000.0,0.006996,0.007122,0.006694,0.006889,267365.23
1582934400000.0,0.006887,0.007012,0.006752,0.006814,154467.41
1583020800000.0,0.006809,0.00696,0.006607,0.006763,158843.97
1583107200000.0,0.006766,0.007021,0.006702,0.006892,181704.37
1583193600000.0,0.006891,0.007024,0.006796,0.006967,125795.96
1583280000000.0,0.006966,0.006997,0.00677,0.006898,112705.01
1583366400000.0,0.006896,0.006935,0.006779,0.006852,131421.97
1583452800000.0,0.006852,0.006962,0.006784,0.006919,120205.66
1583539200000.0,0.006922,0.007028,0.006782,0.006802,117991.08
1583625600000.0,0.006801,0.006801,0.00624,0.006346,284090.22
1583712000000.0,0.006348,0.006436,0.006084,0.006354,387616.7
1583798400000.0,0.006355,0.0064,0.00622,0.006364,169306.07
1583884800000.0,0.006366,0.006378,0.00599,0.006121,225493.16
1583971200000.0,0.00612,0.0065,0.00511,0.006226,956967.83
1584057600000.0,0.006212,0.0069,0.005938,0.006731,1143685.14
1584144000000.0,0.006733,0.006788,0.006535,0.006646,308469.48
1584230400000.0,0.006646,0.00682,0.006478,0.006786,247994.62
1584316800000.0,0.006782,0.006851,0.006443,0.006604,349887.09
1584403200000.0,0.006604,0.006657,0.006373,0.006407,175783.88
1584489600000.0,0.006411,0.006543,0.006318,0.006435,166755.35
1584576000000.0,0.006435,0.006528,0.0062,0.006313,221795.87
1584662400000.0,0.006313,0.006397,0.005981,0.00614,286934.75
1584748800000.0,0.006135,0.006257,0.006083,0.006196,116625.94
1584835200000.0,0.006196,0.00626,0.005977,0.006086,112116.21
1584921600000.0,0.00609,0.00627,0.005965,0.006021,161883.98
1585008000000.0,0.00602,0.006068,0.0059,0.006012,178891.58
1585094400000.0,0.006012,0.006075,0.005826,0.005864,174117.1
1585180800000.0,0.005864,0.006003,0.005808,0.005998,106423.79
1585267200000.0,0.006,0.006094,0.005892,0.00598,116840.17
1585353600000.0,0.005978,0.006312,0.005883,0.006229,139432.02
1585440000000.0,0.006229,0.006331,0.006165,0.006307,77656.67
1585526400000.0,0.00631,0.00635,0.00601,0.006087,101025.24
1585612800000.0,0.006085,0.006119,0.005984,0.006093,86480.77
1585699200000.0,0.006096,0.00616,0.005895,0.005908,120503.78
1585785600000.0,0.005904,0.005997,0.00585,0.005866,140249.58
1585872000000.0,0.005871,0.006047,0.005857,0.006011,94101.25
1585958400000.0,0.006011,0.006039,0.005883,0.005942,85957.09
1586044800000.0,0.00594,0.006008,0.005928,0.005957,50216.89
1586131200000.0,0.005957,0.006234,0.005916,0.006141,174906.27
1586217600000.0,0.006144,0.006411,0.006144,0.006221,154796.23
1586304000000.0,0.006224,0.006397,0.00617,0.006321,102300.26
1586390400000.0,0.006325,0.0064,0.006262,0.006341,90096.29
1586476800000.0,0.006346,0.00637,0.00605,0.00616,158293.72
1586563200000.0,0.00616,0.006241,0.006124,0.006185,64587.36
1586649600000.0,0.006183,0.006236,0.006034,0.006081,92671.44
1586736000000.0,0.00608,0.006096,0.005952,0.006028,127837.63
1586822400000.0,0.006023,0.006041,0.005971,0.005998,70103.47
1586908800000.0,0.005999,0.006039,0.005916,0.005925,84539.62
1586995200000.0,0.005923,0.006138,0.005825,0.005989,175246.79
1587081600000.0,0.005991,0.006031,0.005911,0.006004,73575.52
1587168000000.0,0.006006,0.0061,0.005951,0.006087,92487.09
1587254400000.0,0.006091,0.0061,0.005892,0.005932,104376.85
1587340800000.0,0.005931,0.006004,0.005854,0.00589,104717.75
1587427200000.0,0.005888,0.005971,0.005856,0.005933,74386.99
1587513600000.0,0.005933,0.005943,0.005862,0.005867,76504.6
1587600000000.0,0.005866,0.005885,0.005664,0.005744,122741.25
1587686400000.0,0.005742,0.005969,0.005727,0.005932,165299.48
1587772800000.0,0.005933,0.006007,0.005854,0.005884,113814.75
1587859200000.0,0.005885,0.005943,0.005785,0.005788,81146.71
1587945600000.0,0.005788,0.005846,0.005656,0.005721,106817.78
1588032000000.0,0.005721,0.005939,0.005666,0.005898,145449.59
1588118400000.0,0.005905,0.005949,0.005464,0.005559,273246.63
1588204800000.0,0.005559,0.005636,0.00523,0.005372,271391.71
1588291200000.0,0.00537,0.005456,0.005297,0.005332,118351.13
1588377600000.0,0.005334,0.005562,0.005298,0.005482,109139.44
1588464000000.0,0.005482,0.005544,0.005342,0.005406,104221.83
1588550400000.0,0.005403,0.005406,0.005253,0.005294,114955.96
1588636800000.0,0.00529,0.00533,0.005151,0.005159,86742.08
1588723200000.0,0.005162,0.005214,0.004899,0.004916,123453.31
1588809600000.0,0.004912,0.004966,0.004679,0.004742,202714.93
1588896000000.0,0.004743,0.004912,0.004711,0.004866,158642.72
1588982400000.0,0.004865,0.005038,0.004848,0.004923,136551.2
1589068800000.0,0.004925,0.004952,0.004754,0.00482,287858.49
1589155200000.0,0.004821,0.004867,0.004657,0.004845,220315.37
1589241600000.0,0.004845,0.004869,0.004724,0.004789,148154.06
1589328000000.0,0.004789,0.004789,0.004611,0.004641,108091.96
1589414400000.0,0.004643,0.004643,0.004463,0.004492,157573.44
1589500800000.0,0.004492,0.004619,0.004477,0.004587,135549.22
1589587200000.0,0.004585,0.004635,0.004562,0.00461,143247.96
1589673600000.0,0.004611,0.004655,0.004491,0.004516,106495.8
1589760000000.0,0.004511,0.00471,0.004459,0.004657,203884.48
1589846400000.0,0.004658,0.004686,0.004611,0.004676,110259.07
1589932800000.0,0.004677,0.00472,0.004599,0.004651,130848.26
1590019200000.0,0.00465,0.004747,0.004623,0.004712,126825.24
1590105600000.0,0.004711,0.004858,0.004702,0.004825,110767.65
1590192000000.0,0.004823,0.004845,0.004764,0.004776,90054.43
1590278400000.0,0.004776,0.004864,0.00476,0.004829,132754.12
1590364800000.0,0.004828,0.004915,0.004806,0.00483,120021.89
1590451200000.0,0.004829,0.004838,0.004755,0.004781,95379.44
1590537600000.0,0.004781,0.004814,0.004734,0.004766,95323.63
1590624000000.0,0.004765,0.004775,0.004646,0.004675,97970.66
1590710400000.0,0.004675,0.00476,0.004666,0.004718,85282.64
1590796800000.0,0.00472,0.004982,0.004715,0.004924,180490.55
1590883200000.0,0.004924,0.004962,0.0048,0.004826,140673.35
1590969600000.0,0.004827,0.00493,0.004665,0.004732,191602.25
1591056000000.0,0.004728,0.00499,0.004701,0.004832,244420.64
1591142400000.0,0.004833,0.004961,0.004806,0.004879,135409.11
1591228800000.0,0.004879,0.004972,0.00479,0.004847,147152.98
1591315200000.0,0.004845,0.004884,0.004809,0.004865,78811.58
1591401600000.0,0.004865,0.004884,0.004825,0.004842,65850.1
1591488000000.0,0.004839,0.004848,0.004776,0.004784,80318.81
1591574400000.0,0.004783,0.00481,0.00474,0.004747,74132.34
1591660800000.0,0.004748,0.0048,0.004671,0.004695,79044.98
1591747200000.0,0.004696,0.004772,0.004686,0.004718,90881.75
1591833600000.0,0.004718,0.004756,0.004596,0.004657,129623.01
1591920000000.0,0.004658,0.004783,0.004626,0.004723,88283.41
1592006400000.0,0.004726,0.004775,0.00471,0.00476,46863.57
1592092800000.0,0.004759,0.004762,0.004693,0.004715,60224.2
1592179200000.0,0.004715,0.004719,0.004617,0.004642,137135.45
1592265600000.0,0.004642,0.004649,0.004572,0.004607,82214.49
1592352000000.0,0.004607,0.004735,0.004602,0.004655,96360.9
1592438400000.0,0.004656,0.004679,0.004602,0.004626,82915.16
1592524800000.0,0.004626,0.004656,0.004587,0.004605,80666.5
1592611200000.0,0.004606,0.00467,0.004587,0.004656,59285.49
1592697600000.0,0.004656,0.004671,0.00461,0.004628,47726.05
1592784000000.0,0.004627,0.004656,0.004564,0.004576,91674.9
1592870400000.0,0.004573,0.004611,0.004563,0.004591,75810.04
1592956800000.0,0.004591,0.004624,0.004545,0.004585,104984.18
1593043200000.0,0.004585,0.004643,0.004554,0.00458,96408.11
1593129600000.0,0.004581,0.00473,0.004544,0.004702,178549.44
1593216000000.0,0.004704,0.004713,0.004418,0.004556,111418.58
1593302400000.0,0.004556,0.004592,0.004517,0.004536,46178.91
1593388800000.0,0.004538,0.004595,0.00448,0.004557,91516.83
1593475200000.0,0.004558,0.004572,0.004476,0.004507,45665.35
1593561600000.0,0.004508,0.004547,0.004497,0.004524,49032.26
1593648000000.0,0.004524,0.004533,0.004489,0.004515,60907.94
1593734400000.0,0.004516,0.004581,0.004505,0.00454,67239.95
1593820800000.0,0.00454,0.004621,0.004538,0.004608,81998.84
1593907200000.0,0.004609,0.004619,0.004552,0.004584,63013.21
1593993600000.0,0.004582,0.00473,0.004579,0.004716,105331.81
1594080000000.0,0.004716,0.004746,0.004663,0.004688,84998.47
1594166400000.0,0.004689,0.00488,0.004667,0.004807,177131.11
1594252800000.0,0.004808,0.004869,0.004736,0.004804,141291.41
1594339200000.0,0.004804,0.004852,0.004761,0.00477,100169.82
1594425600000.0,0.004769,0.004847,0.004766,0.004839,64146.79
1594512000000.0,0.004839,0.004875,0.004756,0.004807,104314.24
1594598400000.0,0.004809,0.0049,0.004622,0.004753,183509.9
1594684800000.0,0.004751,0.004762,0.004672,0.004741,95425.65
1594771200000.0,0.004742,0.004752,0.004668,0.004711,67681.14
1594857600000.0,0.00471,0.004714,0.004502,0.004609,131605.81
1594944000000.0,0.004607,0.004627,0.00457,0.004577,79935.15
1595030400000.0,0.004578,0.004671,0.00457,0.004631,71761.3
1595116800000.0,0.004631,0.004651,0.004589,0.00463,59942.95
1595203200000.0,0.00463,0.004649,0.00452,0.00458,81481.87
1595289600000.0,0.004579,0.004715,0.004573,0.004663,111324.08
1595376000000.0,0.004663,0.004742,0.004635,0.004724,126215.13
1595462400000.0,0.004722,0.004792,0.00467,0.00468,155506.22
1595548800000.0,0.004679,0.004695,0.004623,0.004626,135673.33
1595635200000.0,0.004627,0.0051,0.004618,0.005068,415434.71
1595721600000.0,0.005066,0.005207,0.004792,0.004841,356124.42
1595808000000.0,0.004841,0.005063,0.004454,0.004831,563161.65
1595894400000.0,0.00483,0.005252,0.004792,0.005111,553174.11
1595980800000.0,0.005111,0.005154,0.004926,0.00497,263146.85
1596067200000.0,0.00497,0.00532,0.004922,0.005111,365066.83
1596153600000.0,0.005112,0.00525,0.005054,0.005128,210970.47
1596240000000.0,0.005128,0.005308,0.005034,0.005225,369270.85
1596326400000.0,0.005224,0.005443,0.004867,0.005128,623529.34
1596412800000.0,0.005128,0.005238,0.005078,0.005212,237193.01
1596499200000.0,0.005214,0.005233,0.005092,0.00515,187870.24
1596585600000.0,0.00515,0.005192,0.004974,0.005013,194074.73
1596672000000.0,0.005015,0.005123,0.004954,0.00502,186668.47
1596758400000.0,0.00502,0.00516,0.004783,0.004931,245895.02
1596844800000.0,0.004931,0.004971,0.004887,0.00497,91162.83
1596931200000.0,0.00497,0.004977,0.004844,0.004877,88564.92
1597017600000.0,0.004876,0.004988,0.004817,0.004903,263672.02
1597104000000.0,0.004902,0.005024,0.004706,0.004751,213834.83
1597190400000.0,0.00475,0.004779,0.004619,0.004718,159234.86
1597276800000.0,0.004713,0.004882,0.00459,0.00485,240648.42
1597363200000.0,0.004849,0.004898,0.004781,0.004828,193403.3
1597449600000.0,0.004829,0.005122,0.004774,0.00505,348674.19
1597536000000.0,0.00505,0.005428,0.004954,0.005365,535507.2
1597622400000.0,0.005364,0.005592,0.005155,0.005472,675811.38
1597708800000.0,0.005472,0.005629,0.005262,0.005477,491657.1
1597795200000.0,0.005475,0.005586,0.005073,0.005282,426209.47
1597881600000.0,0.005284,0.005386,0.005216,0.005297,233739.32
1597968000000.0,0.005294,0.005383,0.005113,0.005127,251863.25
1598054400000.0,0.005132,0.00519,0.005068,0.005163,159489.16
1598140800000.0,0.005163,0.005266,0.005032,0.005199,180087.51
1598227200000.0,0.005199,0.00535,0.005169,0.005281,201053.38
1598313600000.0,0.00528,0.005297,0.005032,0.005154,227014.59
1598400000000.0,0.005153,0.005155,0.005047,0.00507,183754.88
1598486400000.0,0.00507,0.005121,0.004831,0.004951,204590.17
1598572800000.0,0.004953,0.005066,0.0049,0.004979,146247.76
1598659200000.0,0.004978,0.005049,0.004962,0.004967,86555.86
1598745600000.0,0.004967,0.005373,0.004964,0.00537,248169.36
1598832000000.0,0.00537,0.005432,0.005188,0.00523,181311.65
1598918400000.0,0.005231,0.005356,0.005172,0.005259,257087.05
1599004800000.0,0.005258,0.005318,0.005018,0.005098,221875.36
1599091200000.0,0.005096,0.005125,0.004517,0.004663,346978.86
1599177600000.0,0.004662,0.004979,0.004536,0.004818,365947.45
1599264000000.0,0.004819,0.004881,0.004594,0.004705,252617.48
1599350400000.0,0.004704,0.004785,0.004617,0.004673,141526.28
1599436800000.0,0.004672,0.004777,0.004567,0.004706,166393.43
1599523200000.0,0.004707,0.004775,0.004623,0.004687,158382.13
1599609600000.0,0.004686,0.004731,0.00466,0.004679,102434.06
1599696000000.0,0.00468,0.004852,0.004664,0.004708,150926.56
1599782400000.0,0.004706,0.004858,0.004643,0.004713,123379.34
1599868800000.0,0.004713,0.0049,0.004699,0.004865,120520.77
1599955200000.0,0.004867,0.004875,0.00462,0.004662,158138.54
1600041600000.0,0.004662,0.004662,0.00455,0.004598,160700.81
1600128000000.0,0.004599,0.004662,0.00447,0.004479,181490.73
1600214400000.0,0.004478,0.00448,0.004353,0.004358,142068.82
1600300800000.0,0.004358,0.004515,0.004357,0.004466,110784.89
1600387200000.0,0.004465,0.004479,0.004389,0.004437,81537.37
1600473600000.0,0.004438,0.004439,0.004367,0.004378,68617.84
1600560000000.0,0.004378,0.004405,0.004233,0.004312,108690.9
1600646400000.0,0.004312,0.004342,0.004041,0.004143,260359.79
1600732800000.0,0.004143,0.004244,0.004124,0.004222,76972.95
1600819200000.0,0.004225,0.004293,0.004165,0.004198,114212.83
1600905600000.0,0.004198,0.004268,0.004172,0.004184,91321.03
1600992000000.0,0.004185,0.004386,0.004144,0.004305,144813.7
1601078400000.0,0.004305,0.004335,0.004231,0.004288,72969.91
1601164800000.0,0.004289,0.004329,0.004207,0.004274,104093.69
1601251200000.0,0.004277,0.004315,0.004205,0.004228,122357.9
1601337600000.0,0.004228,0.004277,0.004204,0.004217,65011.01
1601424000000.0,0.004213,0.00433,0.004204,0.004292,75440.45
1601510400000.0,0.004292,0.004463,0.00428,0.004356,181765.55
1601596800000.0,0.004353,0.004408,0.004163,0.004248,143052.09
1601683200000.0,0.004249,0.004351,0.004244,0.004318,66400.35
1601769600000.0,0.004318,0.004403,0.004295,0.004379,76785.28
1601856000000.0,0.004378,0.004385,0.004262,0.004294,82033.33
1601942400000.0,0.004296,0.004491,0.004279,0.004335,162280.86
1602028800000.0,0.00434,0.004398,0.00427,0.004366,98709.5
1602115200000.0,0.004365,0.004374,0.0043,0.004323,85619.9
1602201600000.0,0.00432,0.004345,0.004291,0.004322,79853.17
1602288000000.0,0.004322,0.004432,0.004261,0.004327,149246.76
1602374400000.0,0.004328,0.004493,0.004315,0.00444,126861.84
1602460800000.0,0.00444,0.004473,0.004362,0.004386,137485.01
1602547200000.0,0.004387,0.004399,0.004316,0.00437,79547.91
1602633600000.0,0.00437,0.004448,0.00434,0.004362,60333.11
1602720000000.0,0.004362,0.00441,0.004285,0.004307,63620.43
1602806400000.0,0.004304,0.004325,0.004064,0.004205,135347.9
1602892800000.0,0.004205,0.004207,0.004107,0.00413,45382.93
1602979200000.0,0.00413,0.004177,0.004123,0.004133,48949.24
1603065600000.0,0.004133,0.004135,0.00408,0.004084,65139.5
1603152000000.0,0.004084,0.004119,0.003895,0.003935,88212.96
1603238400000.0,0.003937,0.004243,0.003905,0.004145,301936.09
1603324800000.0,0.004145,0.004405,0.004145,0.004191,289467.88
1603411200000.0,0.004192,0.004387,0.004134,0.004287,201487.37
1603497600000.0,0.004287,0.004574,0.00425,0.004518,237750.85
1603584000000.0,0.004514,0.004622,0.004365,0.004515,208956.87
1603670400000.0,0.004515,0.004535,0.004282,0.004351,192764.43
1603756800000.0,0.004352,0.004444,0.004196,0.004246,170344.62
1603843200000.0,0.004246,0.00441,0.004165,0.004202,236182.74
1603929600000.0,0.004204,0.004258,0.00404,0.004079,129677.65
1604016000000.0,0.004077,0.00413,0.003956,0.003984,116118.58
1604102400000.0,0.003984,0.004067,0.003961,0.004041,132715.46
1604188800000.0,0.004041,0.004064,0.003955,0.00404,70311.16
1604275200000.0,0.004042,0.00411,0.003948,0.003969,118774.09
1604361600000.0,0.003969,0.004,0.003828,0.003848,111910.53
1604448000000.0,0.003847,0.003904,0.003748,0.003865,165203.96
1604534400000.0,0.003867,0.003959,0.003731,0.003781,246465.26
1604620800000.0,0.003781,0.004075,0.003778,0.004055,324398.05
1604707200000.0,0.004057,0.004154,0.003903,0.003976,358708.86
1604793600000.0,0.003974,0.004027,0.003909,0.003941,116756.24
1604880000000.0,0.00394,0.003965,0.003831,0.003864,133788.27
1604966400000.0,0.003864,0.00388,0.003777,0.003786,118799.35
1605052800000.0,0.00379,0.003898,0.003685,0.003777,155992.74
1605139200000.0,0.003777,0.003781,0.003633,0.003725,174743.59
1605225600000.0,0.003727,0.004107,0.003695,0.004041,504333.62
1605312000000.0,0.004041,0.004062,0.00392,0.003972,177501.05
1605398400000.0,0.003971,0.004005,0.003866,0.003904,114368.29
1605484800000.0,0.003904,0.004451,0.0039,0.00442,476283.09
1605571200000.0,0.004419,0.004523,0.004115,0.004322,615832.45
1605657600000.0,0.004321,0.004356,0.003911,0.004131,515916.33
1605744000000.0,0.004129,0.00464,0.004081,0.004581,534410.07
1605830400000.0,0.004577,0.004694,0.004342,0.004421,523303.19
1605916800000.0,0.004426,0.004692,0.004336,0.004658,498132.47
1606003200000.0,0.004657,0.0047,0.004404,0.004502,357803.1
1606089600000.0,0.0045,0.004879,0.004481,0.004849,485262.48
1606176000000.0,0.004848,0.005062,0.004528,0.00466,669451.51
1606262400000.0,0.004661,0.004728,0.004207,0.004369,373065.52
1606348800000.0,0.004366,0.004466,0.00395,0.004139,679001.46
1606435200000.0,0.00414,0.004226,0.003963,0.004036,370233.58
1606521600000.0,0.004036,0.004204,0.004004,0.004102,329401.02
1606608000000.0,0.004104,0.004435,0.004075,0.004337,397034.99
1606694400000.0,0.004337,0.004538,0.004152,0.004451,532371.57
1606780800000.0,0.004449,0.004823,0.004284,0.004535,899139.12
1606867200000.0,0.004534,0.004713,0.004477,0.004632,388494.57
1606953600000.0,0.004629,0.004684,0.004524,0.004583,295675.79
1607040000000.0,0.004583,0.0046,0.004187,0.004264,343895.18
1607126400000.0,0.004263,0.0044,0.004236,0.004343,271213.88
1607212800000.0,0.004341,0.004417,0.004252,0.004318,192703.04
1607299200000.0,0.004315,0.004517,0.004281,0.00435,230739.41
1607385600000.0,0.00435,0.004416,0.004107,0.004189,242275.92
1607472000000.0,0.004187,0.004221,0.004081,0.004175,230520.95
1607558400000.0,0.004174,0.004186,0.00406,0.004093,146689.47
1607644800000.0,0.004094,0.004105,0.003948,0.004005,269717.71
1607731200000.0,0.004001,0.004127,0.003995,0.004077,192121.82
1607817600000.0,0.004076,0.004352,0.004024,0.004289,248759.85
1607904000000.0,0.004289,0.004297,0.00415,0.004273,238312.08
1607990400000.0,0.004275,0.004349,0.004181,0.004187,290903.66
1608076800000.0,0.004187,0.004377,0.004057,0.004358,605521.66
1608163200000.0,0.004357,0.00467,0.003997,0.00443,1062713.79
1608249600000.0,0.00443,0.00489,0.00439,0.004732,758743.62
1608336000000.0,0.004731,0.005175,0.0046,0.005031,700499.4
1608422400000.0,0.005032,0.005227,0.004738,0.004884,579990.11
1608508800000.0,0.004885,0.004946,0.004509,0.004596,668791.89
1608595200000.0,0.004598,0.004829,0.004391,0.004802,726483.4
1608681600000.0,0.004801,0.004894,0.004195,0.00441,994655.89
1608768000000.0,0.004408,0.004724,0.004318,0.004685,569605.27
1608854400000.0,0.004685,0.0052,0.004608,0.00517,762746.19
1608940800000.0,0.00517,0.005358,0.004872,0.004894,940275.54
1609027200000.0,0.004894,0.005084,0.004518,0.004864,1020549.39
1609113600000.0,0.004865,0.005125,0.004731,0.004795,530780.55
1609200000000.0,0.004796,0.00485,0.004544,0.004703,249370.63
1609286400000.0,0.004703,0.004812,0.004409,0.004503,308594.39
1609372800000.0,0.004506,0.004507,0.004253,0.004294,184585.4
1609459200000.0,0.004295,0.004569,0.004258,0.004303,275214.63
1609545600000.0,0.004303,0.004364,0.004002,0.004255,514779.41
1609632000000.0,0.004255,0.004925,0.004024,0.004885,866143.61
1609718400000.0,0.004883,0.005261,0.0047,0.004855,686459.04
1609804800000.0,0.004855,0.004995,0.004554,0.004669,505173.92
1609891200000.0,0.00467,0.004861,0.004558,0.004596,528291.05
1609977600000.0,0.004596,0.00466,0.004276,0.004295,699016.13
1610064000000.0,0.004297,0.004435,0.004077,0.004243,674547.61
1610150400000.0,0.004242,0.004456,0.004151,0.004424,437553.66
1610236800000.0,0.004423,0.004614,0.004294,0.004458,585515.91
1610323200000.0,0.004459,0.004535,0.003663,0.003922,1232906.84
1610409600000.0,0.003922,0.004078,0.003841,0.003918,623934.42
1610496000000.0,0.003919,0.004039,0.003853,0.003943,381866.28
1610582400000.0,0.003946,0.003973,0.003807,0.003894,380993.45
1610668800000.0,0.003894,0.004005,0.00379,0.00391,518554.59
1610755200000.0,0.00391,0.004062,0.003876,0.003988,422530.14
1610841600000.0,0.003987,0.004102,0.003944,0.003985,400756.51
1610928000000.0,0.003986,0.004192,0.00388,0.004151,387144.2
1611014400000.0,0.004149,0.004469,0.00411,0.004231,513199.2
1611100800000.0,0.00423,0.004304,0.004094,0.00422,430819.77
1611187200000.0,0.004222,0.004264,0.004082,0.004207,415626.97
1611273600000.0,0.004207,0.004462,0.004133,0.004178,428668.54
1611360000000.0,0.004176,0.004363,0.004162,0.004291,229290.02
1611446400000.0,0.004291,0.0044,0.004269,0.004373,222412.35
1611532800000.0,0.004373,0.0045,0.004164,0.004249,353144.02
1611619200000.0,0.00425,0.004288,0.004125,0.004148,256807.35
1611705600000.0,0.004148,0.004173,0.003995,0.004034,295778.66
1611792000000.0,0.004034,0.004171,0.003986,0.003994,264330.74
1611878400000.0,0.003995,0.004145,0.00373,0.00393,689379.3
1611964800000.0,0.003933,0.003965,0.003798,0.003891,362106.12
1612051200000.0,0.003892,0.003956,0.003825,0.003909,235610.49
1612137600000.0,0.00391,0.003989,0.003811,0.003939,313288.55
1612224000000.0,0.003937,0.004194,0.003925,0.004,467082.57
1612310400000.0,0.004003,0.004278,0.004002,0.004146,465504.1
1612396800000.0,0.004144,0.004175,0.003901,0.003927,498771.28
1612483200000.0,0.003927,0.004172,0.003896,0.004049,428951.12
1612569600000.0,0.004047,0.00416,0.003881,0.003968,502336.83
1612656000000.0,0.00397,0.004007,0.003874,0.003886,323744.65
1612742400000.0,0.003886,0.003912,0.0036,0.003609,567114.46
1612828800000.0,0.003608,0.00397,0.003542,0.003911,608084.62
1612915200000.0,0.00391,0.00418,0.003795,0.004054,773371.34
1613001600000.0,0.004054,0.00415,0.003824,0.003827,443337.43
1613088000000.0,0.003828,0.004222,0.00376,0.004157,551667.7
1613174400000.0,0.00416,0.0049,0.004126,0.00479,1026855.47
1613260800000.0,0.004788,0.004835,0.004327,0.004394,861967.53
1613347200000.0,0.004395,0.004537,0.004053,0.004339,674922.97
1613433600000.0,0.004342,0.004495,0.004179,0.004278,426108.06
1613520000000.0,0.004278,0.004561,0.004137,0.004556,670462.83
1613606400000.0,0.004557,0.004572,0.004315,0.004396,534859.66
1613692800000.0,0.004395,0.004534,0.004227,0.00423,511453.92
1613779200000.0,0.004231,0.00439,0.00395,0.004059,615210.71
1613865600000.0,0.004058,0.004123,0.003912,0.003958,405655.26
1613952000000.0,0.003957,0.003983,0.00365,0.003846,632514.11
1614038400000.0,0.003846,0.003854,0.003472,0.00363,693018.51
1614124800000.0,0.003628,0.003733,0.003561,0.003652,396347.49
1614211200000.0,0.003652,0.004008,0.003567,0.003808,494797.27
1614297600000.0,0.003809,0.00384,0.003627,0.003677,488742.71
1614384000000.0,0.003676,0.003806,0.003668,0.003725,264016.85
1614470400000.0,0.003725,0.003726,0.00352,0.00366,349198.7
1614556800000.0,0.003661,0.003662,0.003516,0.003547,257602.93
1614643200000.0,0.003547,0.003775,0.003525,0.003696,293066.48
1614729600000.0,0.003696,0.003944,0.00365,0.003728,436995.16
1614816000000.0,0.003727,0.003799,0.003705,0.003735,346070.89
1614902400000.0,0.003734,0.003742,0.003624,0.003696,279493.11
1614988800000.0,0.003697,0.003785,0.003686,0.003741,204156.51
1615075200000.0,0.003742,0.003762,0.003651,0.003742,193191.66
1615161600000.0,0.003741,0.003789,0.003606,0.003663,286978.65
1615248000000.0,0.003663,0.003763,0.003619,0.003714,284931.85
1615334400000.0,0.003714,0.003728,0.003525,0.003585,351329.16
1615420800000.0,0.003585,0.003594,0.003464,0.003484,295703.97
1615507200000.0,0.003484,0.003929,0.003479,0.003858,626139.63
1615593600000.0,0.003858,0.003877,0.00367,0.003695,398040.1
1615680000000.0,0.003694,0.003707,0.003606,0.003628,261371.77
1615766400000.0,0.00363,0.003689,0.00354,0.003608,339183.49
1615852800000.0,0.003606,0.003692,0.003528,0.003544,289859.48
1615939200000.0,0.003543,0.003677,0.003475,0.003496,228749.32
1616025600000.0,0.003496,0.003534,0.003428,0.003464,180377.67
1616112000000.0,0.003465,0.003515,0.003407,0.003446,137528.88
1616198400000.0,0.003446,0.003489,0.003423,0.003444,142583.85
1616284800000.0,0.003444,0.003475,0.0034,0.003405,129984.41
1616371200000.0,0.003405,0.00348,0.003362,0.003433,279139.78
1616457600000.0,0.003434,0.003487,0.003273,0.003418,227217.88
1616544000000.0,0.003419,0.003552,0.003296,0.003365,345037.32
1616630400000.0,0.003366,0.003386,0.0033,0.003344,223767.83
1616716800000.0,0.003344,0.003426,0.003299,0.003333,241148.02
1616803200000.0,0.003333,0.003338,0.003266,0.003297,132065.59
1616889600000.0,0.003297,0.003326,0.003275,0.003302,95570.05
1616976000000.0,0.003302,0.003523,0.003292,0.003361,292473.1
1617062400000.0,0.003362,0.003397,0.00329,0.003332,211877.58
1617148800000.0,0.003331,0.00336,0.003236,0.003348,199090.98
1617235200000.0,0.003348,0.003471,0.003316,0.003453,291937.68
1617321600000.0,0.003454,0.003618,0.003409,0.003587,248545.17
1617408000000.0,0.003587,0.00367,0.003414,0.003421,237915.13
1617494400000.0,0.003422,0.003539,0.0034,0.003476,193558.42
1617580800000.0,0.003476,0.003832,0.003456,0.003746,411297.16
1617667200000.0,0.003745,0.004206,0.0037,0.004084,854759.46
1617753600000.0,0.004087,0.004204,0.003767,0.003914,575614.97
1617840000000.0,0.003917,0.004008,0.003845,0.003895,273884.44
1617926400000.0,0.003893,0.003925,0.00378,0.003802,206119.83
1618012800000.0,0.003804,0.004294,0.00375,0.004292,625086.01
1618099200000.0,0.00429,0.004403,0.004113,0.004207,600714.43
1618185600000.0,0.004207,0.0043,0.004019,0.004084,466722.5
1618272000000.0,0.004086,0.004328,0.004084,0.004208,613066.0
1618358400000.0,0.004208,0.0045,0.004077,0.004427,643504.57
1618444800000.0,0.004429,0.004591,0.004283,0.00452,486097.33
1618531200000.0,0.004523,0.005171,0.004401,0.005027,981826.52
1618617600000.0,0.005029,0.0054,0.004947,0.005014,833396.8
1618704000000.0,0.005014,0.005067,0.004467,0.00487,837343.01
1618790400000.0,0.004868,0.004953,0.004575,0.004696,514542.43
1618876800000.0,0.004698,0.004826,0.004371,0.004796,429474.93
